term,campus,subject,catalog_number,section,class_number,course_title,topic,component,career,meeting_days,meeting_times,meeting_location,instructor,seats_available,seats_total,waitlist_available,status,academic_session,meeting_dates,notes,detail_url,retrieved_at,related_to
Fall 2026,University Park,MATH,4,001,22843,Intermediate Algebra,,LEC,UGRD,T Th,4:35 PM-5:50 PM,Chambers Bldg 111,John Correll,9,65,Y,Open,Regular Academic Session,08/24/2026 - 12/11/2026,,https://public.lionpath.psu.edu/psc/CSPRD_newwin/EMPLOYEE/PSFT_HR/c/PE_SR175_PUBLIC.SSR_CRSE_INFO_FL.GBL?Page=SSR_CRSE_INFO_FL&Action=U&ACAD_CAREER=UGRD&CRSE_ID=029223&CRSE_OFFER_NBR=1&INSTITUTION=PSU55&STRM=2268&CLASS_NBR=22843&SSR_COMPONENT=LEC,2026-08-20T09:53:03-04:00,
Fall 2026,University Park,MATH,4,002,23478,Intermediate Algebra,,LEC,UGRD,M W F,4:40 PM-5:30 PM,Chambers Bldg 111,Brandon Schadle,27,65,Y,Open,Regular Academic Session,08/24/2026 - 12/11/2026,,https://public.lionpath.psu.edu/psc/CSPRD_newwin/EMPLOYEE/PSFT_HR/c/PE_SR175_PUBLIC.SSR_CRSE_INFO_FL.GBL?Page=SSR_CRSE_INFO_FL&Action=U&ACAD_CAREER=UGRD&CRSE_ID=029223&CRSE_OFFER_NBR=1&INSTITUTION=PSU55&STRM=2268&CLASS_NBR=23478&SSR_COMPONENT=LEC,2026-08-20T09:53:03-04:00,
Fall 2026,World Campus,MATH,4,001,21425,Intermediate Algebra,,LEC,UGRD,WEB,,,"Joan Smeltzer, Steven Hair",4,5,Y,Wait List,Regular Academic Session,08/24/2026 - 12/11/2026,,https://public.lionpath.psu.edu/psc/CSPRD_newwin/EMPLOYEE/PSFT_HR/c/PE_SR175_PUBLIC.SSR_CRSE_INFO_FL.GBL?Page=SSR_CRSE_INFO_FL&Action=U&ACAD_CAREER=UGRD&CRSE_ID=029223&CRSE_OFFER_NBR=19&INSTITUTION=PSU55&STRM=2268&CLASS_NBR=21425&SSR_COMPONENT=LEC,2026-08-20T09:53:03-04:00,
Fall 2026,University Park,MATH,21,001,21097,College Algebra with Analytic Geometry with Applications I,,LEC,UGRD,M W F,8:00 AM-8:50 AM,Boucke Bldg 106,Russell Lee,12,40,Y,Open,Regular Academic Session,08/24/2026 - 12/11/2026,,https://public.lionpath.psu.edu/psc/CSPRD_newwin/EMPLOYEE/PSFT_HR/c/PE_SR175_PUBLIC.SSR_CRSE_INFO_FL.GBL?Page=SSR_CRSE_INFO_FL&Action=U&ACAD_CAREER=UGRD&CRSE_ID=029239&CRSE_OFFER_NBR=1&INSTITUTION=PSU55&STRM=2268&CLASS_NBR=21097&SSR_COMPONENT=LEC,2026-08-20T09:53:03-04:00,
Fall 2026,University Park,MATH,21,002,21151,College Algebra with Analytic Geometry with Applications I,,LEC,UGRD,M W F,8:00 AM-8:50 AM,Nursing Sciences Bldg 322,Yukun Cai,19,40,Y,Open,Regular Academic Session,08/24/2026 - 12/11/2026,,https://public.lionpath.psu.edu/psc/CSPRD_newwin/EMPLOYEE/PSFT_HR/c/PE_SR175_PUBLIC.SSR_CRSE_INFO_FL.GBL?Page=SSR_CRSE_INFO_FL&Action=U&ACAD_CAREER=UGRD&CRSE_ID=029239&CRSE_OFFER_NBR=1&INSTITUTION=PSU55&STRM=2268&CLASS_NBR=21151&SSR_COMPONENT=LEC,2026-08-20T09:53:03-04:00,
Fall 2026,University Park,MATH,21,003,21194,College Algebra with Analytic Geometry with Applications I,,LEC,UGRD,M W F,9:05 AM-9:55 AM,Osmond Lab 105,Wei-Chun Wang,6,40,Y,Open,Regular Academic Session,08/24/2026 - 12/11/2026,,https://public.lionpath.psu.edu/psc/CSPRD_newwin/EMPLOYEE/PSFT_HR/c/PE_SR175_PUBLIC.SSR_CRSE_INFO_FL.GBL?Page=SSR_CRSE_INFO_FL&Action=U&ACAD_CAREER=UGRD&CRSE_ID=029239&CRSE_OFFER_NBR=1&INSTITUTION=PSU55&STRM=2268&CLASS_NBR=21194&SSR_COMPONENT=LEC,2026-08-20T09:53:03-04:00,
Fall 2026,University Park,MATH,21,005,21222,College Algebra with Analytic Geometry with Applications I,,LEC,UGRD,M W F,10:10 AM-11:00 AM,Osmond Lab 110,,,,Y,,,,,https://public.lionpath.psu.edu/psc/CSPRD_newwin/EMPLOYEE/PSFT_HR/c/PE_SR175_PUBLIC.SSR_CRSE_INFO_FL.GBL?Page=SSR_CRSE_INFO_FL&Action=U&ACAD_CAREER=UGRD&CRSE_ID=029239&CRSE_OFFER_NBR=1&INSTITUTION=PSU55&STRM=2268&CLASS_NBR=21222&SSR_COMPONENT=LEC,2026-08-20T09:53:03-04:00,
Fall 2026,University Park,MATH,21,006,21224,College Algebra with Analytic Geometry with Applications I,,LEC,UGRD,M W F,10:10 AM-11:00 AM,Elec Eng West 225,Russell Lee,11,40,Y,Open,Regular Academic Session,08/24/2026 - 12/11/2026,,https://public.lionpath.psu.edu/psc/CSPRD_newwin/EMPLOYEE/PSFT_HR/c/PE_SR175_PUBLIC.SSR_CRSE_INFO_FL.GBL?Page=SSR_CRSE_INFO_FL&Action=U&ACAD_CAREER=UGRD&CRSE_ID=029239&CRSE_OFFER_NBR=1&INSTITUTION=PSU55&STRM=2268&CLASS_NBR=21224&SSR_COMPONENT=LEC,2026-08-20T09:53:03-04:00,
Fall 2026,University Park,MATH,21,007,21227,College Algebra with Analytic Geometry with Applications I,,LEC,UGRD,M W F,11:15 AM-12:05 PM,Huck Life Sciences Bldg 011,Feiyang Lu,7,40,Y,Open,Regular Academic Session,08/24/2026 - 12/11/2026,,https://public.lionpath.psu.edu/psc/CSPRD_newwin/EMPLOYEE/PSFT_HR/c/PE_SR175_PUBLIC.SSR_CRSE_INFO_FL.GBL?Page=SSR_CRSE_INFO_FL&Action=U&ACAD_CAREER=UGRD&CRSE_ID=029239&CRSE_OFFER_NBR=1&INSTITUTION=PSU55&STRM=2268&CLASS_NBR=21227&SSR_COMPONENT=LEC,2026-08-20T09:53:03-04:00,
Fall 2026,University Park,MATH,21,008,21251,College Algebra with Analytic Geometry with Applications I,,LEC,UGRD,M W F,11:15 AM-12:05 PM,Thomas Bldg 215,Flora Benedek,4,40,Y,Open,Regular Academic Session,08/24/2026 - 12/11/2026,,https://public.lionpath.psu.edu/psc/CSPRD_newwin/EMPLOYEE/PSFT_HR/c/PE_SR175_PUBLIC.SSR_CRSE_INFO_FL.GBL?Page=SSR_CRSE_INFO_FL&Action=U&ACAD_CAREER=UGRD&CRSE_ID=029239&CRSE_OFFER_NBR=1&INSTITUTION=PSU55&STRM=2268&CLASS_NBR=21251&SSR_COMPONENT=LEC,2026-08-20T09:53:03-04:00,
Fall 2026,University Park,MATH,21,009,21252,College Algebra with Analytic Geometry with Applications I,,LEC,UGRD,M W F,12:20 PM-1:10 PM,Willard Bldg 165,,,,Y,,,,,https://public.lionpath.psu.edu/psc/CSPRD_newwin/EMPLOYEE/PSFT_HR/c/PE_SR175_PUBLIC.SSR_CRSE_INFO_FL.GBL?Page=SSR_CRSE_INFO_FL&Action=U&ACAD_CAREER=UGRD&CRSE_ID=029239&CRSE_OFFER_NBR=1&INSTITUTION=PSU55&STRM=2268&CLASS_NBR=21252&SSR_COMPONENT=LEC,2026-08-20T09:53:03-04:00,
Fall 2026,University Park,MATH,21,010,21253,College Algebra with Analytic Geometry with Applications I,,LEC,UGRD,M W F,1:25 PM-2:15 PM,Health and Hum Dev 359,Zheng Xu,4,40,Y,Open,Regular Academic Session,08/24/2026 - 12/11/2026,,https://public.lionpath.psu.edu/psc/CSPRD_newwin/EMPLOYEE/PSFT_HR/c/PE_SR175_PUBLIC.SSR_CRSE_INFO_FL.GBL?Page=SSR_CRSE_INFO_FL&Action=U&ACAD_CAREER=UGRD&CRSE_ID=029239&CRSE_OFFER_NBR=1&INSTITUTION=PSU55&STRM=2268&CLASS_NBR=21253&SSR_COMPONENT=LEC,2026-08-20T09:53:03-04:00,
Fall 2026,University Park,MATH,21,011,21254,College Algebra with Analytic Geometry with Applications I,,LEC,UGRD,M W F,1:25 PM-2:15 PM,Osmond Lab 109,Jonathan Dunay,7,40,Y,Open,Regular Academic Session,08/24/2026 - 12/11/2026,,https://public.lionpath.psu.edu/psc/CSPRD_newwin/EMPLOYEE/PSFT_HR/c/PE_SR175_PUBLIC.SSR_CRSE_INFO_FL.GBL?Page=SSR_CRSE_INFO_FL&Action=U&ACAD_CAREER=UGRD&CRSE_ID=029239&CRSE_OFFER_NBR=1&INSTITUTION=PSU55&STRM=2268&CLASS_NBR=21254&SSR_COMPONENT=LEC,2026-08-20T09:53:03-04:00,
Fall 2026,University Park,MATH,21,013,23207,College Algebra with Analytic Geometry with Applications I,,LEC,UGRD,M W F,2:30 PM-3:20 PM,Nursing Sciences Bldg 316,Zheng Xu,2,40,Y,Open,Regular Academic Session,08/24/2026 - 12/11/2026,,https://public.lionpath.psu.edu/psc/CSPRD_newwin/EMPLOYEE/PSFT_HR/c/PE_SR175_PUBLIC.SSR_CRSE_INFO_FL.GBL?Page=SSR_CRSE_INFO_FL&Action=U&ACAD_CAREER=UGRD&CRSE_ID=029239&CRSE_OFFER_NBR=1&INSTITUTION=PSU55&STRM=2268&CLASS_NBR=23207&SSR_COMPONENT=LEC,2026-08-20T09:53:03-04:00,
Fall 2026,University Park,MATH,21,014,23489,College Algebra with Analytic Geometry with Applications I,,LEC,UGRD,M W F,2:30 PM-3:20 PM,Thomas Bldg 215,,,,Y,,,,,https://public.lionpath.psu.edu/psc/CSPRD_newwin/EMPLOYEE/PSFT_HR/c/PE_SR175_PUBLIC.SSR_CRSE_INFO_FL.GBL?Page=SSR_CRSE_INFO_FL&Action=U&ACAD_CAREER=UGRD&CRSE_ID=029239&CRSE_OFFER_NBR=1&INSTITUTION=PSU55&STRM=2268&CLASS_NBR=23489&SSR_COMPONENT=LEC,2026-08-20T09:53:03-04:00,
Fall 2026,University Park,MATH,21,015,23493,College Algebra with Analytic Geometry with Applications I,,LEC,UGRD,M W,3:35 PM-4:25 PM,Buckhout Lab 112,Joseph Miller,51,147,Y,Open,Regular Academic Session,08/24/2026 - 12/11/2026,"Click Enroll to select the related discussion, laboratory, lecture, and/or recitation.",https://public.lionpath.psu.edu/psc/CSPRD_newwin/EMPLOYEE/PSFT_HR/c/PE_SR175_PUBLIC.SSR_CRSE_INFO_FL.GBL?Page=SSR_CRSE_INFO_FL&Action=U&ACAD_CAREER=UGRD&CRSE_ID=029239&CRSE_OFFER_NBR=1&INSTITUTION=PSU55&STRM=2268&CLASS_NBR=23493&SSR_COMPONENT=LEC,2026-08-20T09:53:03-04:00,
Fall 2026,University Park,MATH,21,017,23680,College Algebra with Analytic Geometry with Applications I,,LEC,UGRD,M W F,3:35 PM-4:25 PM,Business Bldg 102,Jonathan Dunay,5,30,Y,Open,Regular Academic Session,08/24/2026 - 12/11/2026,,https://public.lionpath.psu.edu/psc/CSPRD_newwin/EMPLOYEE/PSFT_HR/c/PE_SR175_PUBLIC.SSR_CRSE_INFO_FL.GBL?Page=SSR_CRSE_INFO_FL&Action=U&ACAD_CAREER=UGRD&CRSE_ID=029239&CRSE_OFFER_NBR=1&INSTITUTION=PSU55&STRM=2268&CLASS_NBR=23680&SSR_COMPONENT=LEC,2026-08-20T09:53:03-04:00,
Fall 2026,University Park,MATH,21,018,23681,College Algebra with Analytic Geometry with Applications I,,LEC,UGRD,M W F,4:40 PM-5:30 PM,Ag Science & Industries 107,Jonathan Dunay,7,30,Y,Open,Regular Academic Session,08/24/2026 - 12/11/2026,,https://public.lionpath.psu.edu/psc/CSPRD_newwin/EMPLOYEE/PSFT_HR/c/PE_SR175_PUBLIC.SSR_CRSE_INFO_FL.GBL?Page=SSR_CRSE_INFO_FL&Action=U&ACAD_CAREER=UGRD&CRSE_ID=029239&CRSE_OFFER_NBR=1&INSTITUTION=PSU55&STRM=2268&CLASS_NBR=23681&SSR_COMPONENT=LEC,2026-08-20T09:53:03-04:00,
Fall 2026,University Park,MATH,21,019R,28886,College Algebra with Analytic Geometry with Applications I,,REC,UGRD,F,10:10 AM-11:00 AM,Osmond Lab 109,Caleb Thompson,9,45,,Open,Regular Academic Session,,,https://public.lionpath.psu.edu/psc/CSPRD_newwin/EMPLOYEE/PSFT_HR/c/PE_SR175_PUBLIC.SSR_CRSE_INFO_FL.GBL?Page=SSR_CRSE_INFO_FL&Action=U&ACAD_CAREER=UGRD&CRSE_ID=029239&CRSE_OFFER_NBR=1&INSTITUTION=PSU55&STRM=2268&CLASS_NBR=23493&SSR_COMPONENT=LEC,2026-08-20T09:53:18-04:00,23493
Fall 2026,University Park,MATH,21,020R,28888,College Algebra with Analytic Geometry with Applications I,,REC,UGRD,F,1:25 PM-2:15 PM,Osmond Lab 106,Caleb Thompson,13,45,,Open,Regular Academic Session,,,https://public.lionpath.psu.edu/psc/CSPRD_newwin/EMPLOYEE/PSFT_HR/c/PE_SR175_PUBLIC.SSR_CRSE_INFO_FL.GBL?Page=SSR_CRSE_INFO_FL&Action=U&ACAD_CAREER=UGRD&CRSE_ID=029239&CRSE_OFFER_NBR=1&INSTITUTION=PSU55&STRM=2268&CLASS_NBR=23493&SSR_COMPONENT=LEC,2026-08-20T09:53:18-04:00,23493
Fall 2026,University Park,MATH,21,021R,28889,College Algebra with Analytic Geometry with Applications I,,REC,UGRD,F,3:35 PM-4:25 PM,Nursing Sciences Bldg 323,Caleb Thompson,17,45,,Open,Regular Academic Session,,,https://public.lionpath.psu.edu/psc/CSPRD_newwin/EMPLOYEE/PSFT_HR/c/PE_SR175_PUBLIC.SSR_CRSE_INFO_FL.GBL?Page=SSR_CRSE_INFO_FL&Action=U&ACAD_CAREER=UGRD&CRSE_ID=029239&CRSE_OFFER_NBR=1&INSTITUTION=PSU55&STRM=2268&CLASS_NBR=23493&SSR_COMPONENT=LEC,2026-08-20T09:53:18-04:00,23493
Fall 2026,World Campus,MATH,21,001,21120,College Algebra with Analytic Geometry with Applications I,,LEC,UGRD,WEB,,,,,,Y,,,,,https://public.lionpath.psu.edu/psc/CSPRD_newwin/EMPLOYEE/PSFT_HR/c/PE_SR175_PUBLIC.SSR_CRSE_INFO_FL.GBL?Page=SSR_CRSE_INFO_FL&Action=U&ACAD_CAREER=UGRD&CRSE_ID=029239&CRSE_OFFER_NBR=19&INSTITUTION=PSU55&STRM=2268&CLASS_NBR=21120&SSR_COMPONENT=LEC,2026-08-20T09:53:03-04:00,
Fall 2026,World Campus,MATH,21,002,22390,College Algebra with Analytic Geometry with Applications I,,LEC,UGRD,WEB,,,,,,Y,,,,,https://public.lionpath.psu.edu/psc/CSPRD_newwin/EMPLOYEE/PSFT_HR/c/PE_SR175_PUBLIC.SSR_CRSE_INFO_FL.GBL?Page=SSR_CRSE_INFO_FL&Action=U&ACAD_CAREER=UGRD&CRSE_ID=029239&CRSE_OFFER_NBR=19&INSTITUTION=PSU55&STRM=2268&CLASS_NBR=22390&SSR_COMPONENT=LEC,2026-08-20T09:53:03-04:00,
Fall 2026,University Park,MATH,22,001R,21397,College Algebra With Analytic Geometry and Applications II,,REC,UGRD,F,8:00 AM-8:50 AM,Willard Bldg 165,Yue Tian,11,45,,Open,Regular Academic Session,,,https://public.lionpath.psu.edu/psc/CSPRD_newwin/EMPLOYEE/PSFT_HR/c/PE_SR175_PUBLIC.SSR_CRSE_INFO_FL.GBL?Page=SSR_CRSE_INFO_FL&Action=U&ACAD_CAREER=UGRD&CRSE_ID=029241&CRSE_OFFER_NBR=1&INSTITUTION=PSU55&STRM=2268&CLASS_NBR=26832&SSR_COMPONENT=LEC,2026-08-20T09:53:18-04:00,26832
Fall 2026,University Park,MATH,22,002R,21433,College Algebra With Analytic Geometry and Applications II,,REC,UGRD,F,8:00 AM-8:50 AM,Elec Eng East 123,Ruixin Li,8,45,,Open,Regular Academic Session,,,https://public.lionpath.psu.edu/psc/CSPRD_newwin/EMPLOYEE/PSFT_HR/c/PE_SR175_PUBLIC.SSR_CRSE_INFO_FL.GBL?Page=SSR_CRSE_INFO_FL&Action=U&ACAD_CAREER=UGRD&CRSE_ID=029241&CRSE_OFFER_NBR=1&INSTITUTION=PSU55&STRM=2268&CLASS_NBR=26833&SSR_COMPONENT=LEC,2026-08-20T09:53:18-04:00,26833
Fall 2026,University Park,MATH,22,004R,21460,College Algebra With Analytic Geometry and Applications II,,REC,UGRD,F,9:05 AM-9:55 AM,Willard Bldg 165,Yue Tian,2,45,,Open,Regular Academic Session,,,https://public.lionpath.psu.edu/psc/CSPRD_newwin/EMPLOYEE/PSFT_HR/c/PE_SR175_PUBLIC.SSR_CRSE_INFO_FL.GBL?Page=SSR_CRSE_INFO_FL&Action=U&ACAD_CAREER=UGRD&CRSE_ID=029241&CRSE_OFFER_NBR=1&INSTITUTION=PSU55&STRM=2268&CLASS_NBR=26833&SSR_COMPONENT=LEC,2026-08-20T09:53:18-04:00,26833
Fall 2026,University Park,MATH,22,005R,21462,College Algebra With Analytic Geometry and Applications II,,REC,UGRD,F,10:10 AM-11:00 AM,Nursing Sciences Bldg 316,Haoyuan Luo,2,45,,Open,Regular Academic Session,,,https://public.lionpath.psu.edu/psc/CSPRD_newwin/EMPLOYEE/PSFT_HR/c/PE_SR175_PUBLIC.SSR_CRSE_INFO_FL.GBL?Page=SSR_CRSE_INFO_FL&Action=U&ACAD_CAREER=UGRD&CRSE_ID=029241&CRSE_OFFER_NBR=1&INSTITUTION=PSU55&STRM=2268&CLASS_NBR=26833&SSR_COMPONENT=LEC,2026-08-20T09:53:18-04:00,26833
Fall 2026,University Park,MATH,22,007R,21464,College Algebra With Analytic Geometry and Applications II,,REC,UGRD,F,11:15 AM-12:05 PM,Wagner Bldg 305,Ruixin Li,17,45,,Open,Regular Academic Session,,,https://public.lionpath.psu.edu/psc/CSPRD_newwin/EMPLOYEE/PSFT_HR/c/PE_SR175_PUBLIC.SSR_CRSE_INFO_FL.GBL?Page=SSR_CRSE_INFO_FL&Action=U&ACAD_CAREER=UGRD&CRSE_ID=029241&CRSE_OFFER_NBR=1&INSTITUTION=PSU55&STRM=2268&CLASS_NBR=26832&SSR_COMPONENT=LEC,2026-08-20T09:53:18-04:00,26832
Fall 2026,University Park,MATH,22,008R,21490,College Algebra With Analytic Geometry and Applications II,,REC,UGRD,F,11:15 AM-12:05 PM,Osmond Lab 103,Maxwell Black,2,45,,Open,Regular Academic Session,,,https://public.lionpath.psu.edu/psc/CSPRD_newwin/EMPLOYEE/PSFT_HR/c/PE_SR175_PUBLIC.SSR_CRSE_INFO_FL.GBL?Page=SSR_CRSE_INFO_FL&Action=U&ACAD_CAREER=UGRD&CRSE_ID=029241&CRSE_OFFER_NBR=1&INSTITUTION=PSU55&STRM=2268&CLASS_NBR=26834&SSR_COMPONENT=LEC,2026-08-20T09:53:18-04:00,26834
Fall 2026,University Park,MATH,22,013R,23535,College Algebra With Analytic Geometry and Applications II,,REC,UGRD,F,2:30 PM-3:20 PM,Willard Bldg 373,Maxwell Black,9,45,,Open,Regular Academic Session,,,https://public.lionpath.psu.edu/psc/CSPRD_newwin/EMPLOYEE/PSFT_HR/c/PE_SR175_PUBLIC.SSR_CRSE_INFO_FL.GBL?Page=SSR_CRSE_INFO_FL&Action=U&ACAD_CAREER=UGRD&CRSE_ID=029241&CRSE_OFFER_NBR=1&INSTITUTION=PSU55&STRM=2268&CLASS_NBR=26834&SSR_COMPONENT=LEC,2026-08-20T09:53:18-04:00,26834
Fall 2026,University Park,MATH,22,015R,26831,College Algebra With Analytic Geometry and Applications II,,REC,UGRD,F,3:35 PM-4:25 PM,Willard Bldg 165,Maxwell Black,35,45,,Open,Regular Academic Session,,,https://public.lionpath.psu.edu/psc/CSPRD_newwin/EMPLOYEE/PSFT_HR/c/PE_SR175_PUBLIC.SSR_CRSE_INFO_FL.GBL?Page=SSR_CRSE_INFO_FL&Action=U&ACAD_CAREER=UGRD&CRSE_ID=029241&CRSE_OFFER_NBR=1&INSTITUTION=PSU55&STRM=2268&CLASS_NBR=26834&SSR_COMPONENT=LEC,2026-08-20T09:53:18-04:00,26834
Fall 2026,University Park,MATH,22,016,26832,College Algebra With Analytic Geometry and Applications II,,LEC,UGRD,M W,9:05 AM-9:55 AM,Wartik Lab 110,Michael Foster,23,130,Y,Open,Regular Academic Session,08/24/2026 - 12/11/2026,"Click Enroll to select the related discussion, laboratory, lecture, and/or recitation.",https://public.lionpath.psu.edu/psc/CSPRD_newwin/EMPLOYEE/PSFT_HR/c/PE_SR175_PUBLIC.SSR_CRSE_INFO_FL.GBL?Page=SSR_CRSE_INFO_FL&Action=U&ACAD_CAREER=UGRD&CRSE_ID=029241&CRSE_OFFER_NBR=1&INSTITUTION=PSU55&STRM=2268&CLASS_NBR=26832&SSR_COMPONENT=LEC,2026-08-20T09:53:03-04:00,
Fall 2026,University Park,MATH,22,017,26833,College Algebra With Analytic Geometry and Applications II,,LEC,UGRD,M W,11:15 AM-12:05 PM,East Classroom Bldg 101,Michael Foster,7,220,Y,Open,Regular Academic Session,08/24/2026 - 12/11/2026,"Click Enroll to select the related discussion, laboratory, lecture, and/or recitation.",https://public.lionpath.psu.edu/psc/CSPRD_newwin/EMPLOYEE/PSFT_HR/c/PE_SR175_PUBLIC.SSR_CRSE_INFO_FL.GBL?Page=SSR_CRSE_INFO_FL&Action=U&ACAD_CAREER=UGRD&CRSE_ID=029241&CRSE_OFFER_NBR=1&INSTITUTION=PSU55&STRM=2268&CLASS_NBR=26833&SSR_COMPONENT=LEC,2026-08-20T09:53:03-04:00,
Fall 2026,University Park,MATH,22,018,26834,College Algebra With Analytic Geometry and Applications II,,LEC,UGRD,M W,12:20 PM-1:10 PM,Thomas Bldg 101,David Nieves,46,180,Y,Open,Regular Academic Session,08/24/2026 - 12/11/2026,"Click Enroll to select the related discussion, laboratory, lecture, and/or recitation.",https://public.lionpath.psu.edu/psc/CSPRD_newwin/EMPLOYEE/PSFT_HR/c/PE_SR175_PUBLIC.SSR_CRSE_INFO_FL.GBL?Page=SSR_CRSE_INFO_FL&Action=U&ACAD_CAREER=UGRD&CRSE_ID=029241&CRSE_OFFER_NBR=1&INSTITUTION=PSU55&STRM=2268&CLASS_NBR=26834&SSR_COMPONENT=LEC,2026-08-20T09:53:03-04:00,
Fall 2026,University Park,MATH,22,019,26835,College Algebra With Analytic Geometry and Applications II,,LEC,UGRD,M W,1:25 PM-2:15 PM,Willard Bldg 262,,,,Y,,,,"Click Enroll to select the related discussion, laboratory, lecture, and/or recitation.",https://public.lionpath.psu.edu/psc/CSPRD_newwin/EMPLOYEE/PSFT_HR/c/PE_SR175_PUBLIC.SSR_CRSE_INFO_FL.GBL?Page=SSR_CRSE_INFO_FL&Action=U&ACAD_CAREER=UGRD&CRSE_ID=029241&CRSE_OFFER_NBR=1&INSTITUTION=PSU55&STRM=2268&CLASS_NBR=26835&SSR_COMPONENT=LEC,2026-08-20T09:53:03-04:00,
Fall 2026,World Campus,MATH,22,001,21327,College Algebra With Analytic Geometry and Applications II,,LEC,UGRD,WEB,,,"Neena Chopra, Steven Hair",64,200,Y,Open,Regular Academic Session,08/24/2026 - 12/11/2026,,https://public.lionpath.psu.edu/psc/CSPRD_newwin/EMPLOYEE/PSFT_HR/c/PE_SR175_PUBLIC.SSR_CRSE_INFO_FL.GBL?Page=SSR_CRSE_INFO_FL&Action=U&ACAD_CAREER=UGRD&CRSE_ID=029241&CRSE_OFFER_NBR=19&INSTITUTION=PSU55&STRM=2268&CLASS_NBR=21327&SSR_COMPONENT=LEC,2026-08-20T09:53:03-04:00,
Fall 2026,University Park,MATH,26,001,21025,Plane Trigonometry and Applications of Trigonometry,,LEC,UGRD,M W F,8:00 AM-8:50 AM,Elec Eng West 225,Leila Anvari,2,45,Y,Open,Regular Academic Session,08/24/2026 - 12/11/2026,,https://public.lionpath.psu.edu/psc/CSPRD_newwin/EMPLOYEE/PSFT_HR/c/PE_SR175_PUBLIC.SSR_CRSE_INFO_FL.GBL?Page=SSR_CRSE_INFO_FL&Action=U&ACAD_CAREER=UGRD&CRSE_ID=029243&CRSE_OFFER_NBR=1&INSTITUTION=PSU55&STRM=2268&CLASS_NBR=21025&SSR_COMPONENT=LEC,2026-08-20T09:53:03-04:00,
Fall 2026,University Park,MATH,26,002,21057,Plane Trigonometry and Applications of Trigonometry,,LEC,UGRD,M W F,9:05 AM-9:55 AM,Thomas Bldg 216,Cathy Cheng,18,20,Y,Wait List,Regular Academic Session,08/24/2026 - 12/11/2026,,https://public.lionpath.psu.edu/psc/CSPRD_newwin/EMPLOYEE/PSFT_HR/c/PE_SR175_PUBLIC.SSR_CRSE_INFO_FL.GBL?Page=SSR_CRSE_INFO_FL&Action=U&ACAD_CAREER=UGRD&CRSE_ID=029243&CRSE_OFFER_NBR=1&INSTITUTION=PSU55&STRM=2268&CLASS_NBR=21057&SSR_COMPONENT=LEC,2026-08-20T09:53:03-04:00,
Fall 2026,University Park,MATH,26,003,21074,Plane Trigonometry and Applications of Trigonometry,,LEC,UGRD,M W F,9:05 AM-9:55 AM,Osmond Lab 110,Trung Nguyen,18,20,Y,Wait List,Regular Academic Session,08/24/2026 - 12/11/2026,,https://public.lionpath.psu.edu/psc/CSPRD_newwin/EMPLOYEE/PSFT_HR/c/PE_SR175_PUBLIC.SSR_CRSE_INFO_FL.GBL?Page=SSR_CRSE_INFO_FL&Action=U&ACAD_CAREER=UGRD&CRSE_ID=029243&CRSE_OFFER_NBR=1&INSTITUTION=PSU55&STRM=2268&CLASS_NBR=21074&SSR_COMPONENT=LEC,2026-08-20T09:53:03-04:00,
Fall 2026,University Park,MATH,26,004,21076,Plane Trigonometry and Applications of Trigonometry,,LEC,UGRD,M W F,10:10 AM-11:00 AM,Boucke Bldg 109,Trung Nguyen,20,20,Y,Wait List,Regular Academic Session,08/24/2026 - 12/11/2026,,https://public.lionpath.psu.edu/psc/CSPRD_newwin/EMPLOYEE/PSFT_HR/c/PE_SR175_PUBLIC.SSR_CRSE_INFO_FL.GBL?Page=SSR_CRSE_INFO_FL&Action=U&ACAD_CAREER=UGRD&CRSE_ID=029243&CRSE_OFFER_NBR=1&INSTITUTION=PSU55&STRM=2268&CLASS_NBR=21076&SSR_COMPONENT=LEC,2026-08-20T09:53:03-04:00,
Fall 2026,University Park,MATH,26,005,21079,Plane Trigonometry and Applications of Trigonometry,,LEC,UGRD,M W F,10:10 AM-11:00 AM,Huck Life Sciences Bldg 011,Rafael Valle Lebron,18,20,Y,Wait List,Regular Academic Session,08/24/2026 - 12/11/2026,,https://public.lionpath.psu.edu/psc/CSPRD_newwin/EMPLOYEE/PSFT_HR/c/PE_SR175_PUBLIC.SSR_CRSE_INFO_FL.GBL?Page=SSR_CRSE_INFO_FL&Action=U&ACAD_CAREER=UGRD&CRSE_ID=029243&CRSE_OFFER_NBR=1&INSTITUTION=PSU55&STRM=2268&CLASS_NBR=21079&SSR_COMPONENT=LEC,2026-08-20T09:53:03-04:00,
Fall 2026,University Park,MATH,26,006,22496,Plane Trigonometry and Applications of Trigonometry,,LEC,UGRD,M W F,11:15 AM-12:05 PM,Osmond Lab 109,Muhammad Atif Zaheer,20,20,Y,Wait List,Regular Academic Session,08/24/2026 - 12/11/2026,,https://public.lionpath.psu.edu/psc/CSPRD_newwin/EMPLOYEE/PSFT_HR/c/PE_SR175_PUBLIC.SSR_CRSE_INFO_FL.GBL?Page=SSR_CRSE_INFO_FL&Action=U&ACAD_CAREER=UGRD&CRSE_ID=029243&CRSE_OFFER_NBR=1&INSTITUTION=PSU55&STRM=2268&CLASS_NBR=22496&SSR_COMPONENT=LEC,2026-08-20T09:53:03-04:00,
Fall 2026,University Park,MATH,26,007,22497,Plane Trigonometry and Applications of Trigonometry,,LEC,UGRD,M W F,12:20 PM-1:10 PM,Osmond Lab 105,Tarun Goyal,1,45,Y,Open,Regular Academic Session,08/24/2026 - 12/11/2026,,https://public.lionpath.psu.edu/psc/CSPRD_newwin/EMPLOYEE/PSFT_HR/c/PE_SR175_PUBLIC.SSR_CRSE_INFO_FL.GBL?Page=SSR_CRSE_INFO_FL&Action=U&ACAD_CAREER=UGRD&CRSE_ID=029243&CRSE_OFFER_NBR=1&INSTITUTION=PSU55&STRM=2268&CLASS_NBR=22497&SSR_COMPONENT=LEC,2026-08-20T09:53:03-04:00,
Fall 2026,University Park,MATH,26,008,23437,Plane Trigonometry and Applications of Trigonometry,,LEC,UGRD,M W F,1:25 PM-2:15 PM,Willard Bldg 165,Tarun Goyal,20,20,Y,Wait List,Regular Academic Session,08/24/2026 - 12/11/2026,,https://public.lionpath.psu.edu/psc/CSPRD_newwin/EMPLOYEE/PSFT_HR/c/PE_SR175_PUBLIC.SSR_CRSE_INFO_FL.GBL?Page=SSR_CRSE_INFO_FL&Action=U&ACAD_CAREER=UGRD&CRSE_ID=029243&CRSE_OFFER_NBR=1&INSTITUTION=PSU55&STRM=2268&CLASS_NBR=23437&SSR_COMPONENT=LEC,2026-08-20T09:53:03-04:00,
Fall 2026,University Park,MATH,26,009,23537,Plane Trigonometry and Applications of Trigonometry,,LEC,UGRD,M W F,3:35 PM-4:25 PM,Willard Bldg 260,Cletus Tindan,1,45,Y,Open,Regular Academic Session,08/24/2026 - 12/11/2026,,https://public.lionpath.psu.edu/psc/CSPRD_newwin/EMPLOYEE/PSFT_HR/c/PE_SR175_PUBLIC.SSR_CRSE_INFO_FL.GBL?Page=SSR_CRSE_INFO_FL&Action=U&ACAD_CAREER=UGRD&CRSE_ID=029243&CRSE_OFFER_NBR=1&INSTITUTION=PSU55&STRM=2268&CLASS_NBR=23537&SSR_COMPONENT=LEC,2026-08-20T09:53:03-04:00,
Fall 2026,University Park,MATH,26,010,23538,Plane Trigonometry and Applications of Trigonometry,,LEC,UGRD,M W F,4:40 PM-5:30 PM,Business Bldg 002,Cletus Tindan,20,20,Y,Wait List,Regular Academic Session,08/24/2026 - 12/11/2026,,https://public.lionpath.psu.edu/psc/CSPRD_newwin/EMPLOYEE/PSFT_HR/c/PE_SR175_PUBLIC.SSR_CRSE_INFO_FL.GBL?Page=SSR_CRSE_INFO_FL&Action=U&ACAD_CAREER=UGRD&CRSE_ID=029243&CRSE_OFFER_NBR=1&INSTITUTION=PSU55&STRM=2268&CLASS_NBR=23538&SSR_COMPONENT=LEC,2026-08-20T09:53:03-04:00,
Fall 2026,World Campus,MATH,26,001,22679,Plane Trigonometry and Applications of Trigonometry,,LEC,UGRD,WEB,,,"Neena Chopra, Steven Hair",16,42,Y,Open,Regular Academic Session,08/24/2026 - 12/11/2026,,https://public.lionpath.psu.edu/psc/CSPRD_newwin/EMPLOYEE/PSFT_HR/c/PE_SR175_PUBLIC.SSR_CRSE_INFO_FL.GBL?Page=SSR_CRSE_INFO_FL&Action=U&ACAD_CAREER=UGRD&CRSE_ID=029243&CRSE_OFFER_NBR=21&INSTITUTION=PSU55&STRM=2268&CLASS_NBR=22679&SSR_COMPONENT=LEC,2026-08-20T09:53:03-04:00,
Fall 2026,University Park,MATH,31,001,24167,Mathematics of Music,,LEC,UGRD,M W F,1:25 PM-2:15 PM,Boucke Bldg 109,Steven Hair,20,20,Y,Wait List,Regular Academic Session,08/24/2026 - 12/11/2026,,https://public.lionpath.psu.edu/psc/CSPRD_newwin/EMPLOYEE/PSFT_HR/c/PE_SR175_PUBLIC.SSR_CRSE_INFO_FL.GBL?Page=SSR_CRSE_INFO_FL&Action=U&ACAD_CAREER=UGRD&CRSE_ID=306529&CRSE_OFFER_NBR=1&INSTITUTION=PSU55&STRM=2268&CLASS_NBR=24167&SSR_COMPONENT=LEC,2026-08-20T09:53:03-04:00,
Fall 2026,University Park,MATH,32,001,23928,Math for Allied Health Professions,,LEC,UGRD,T Th,3:05 PM-4:20 PM,Osmond Lab 105,Andrew Baxter,19,20,Y,Wait List,Regular Academic Session,08/24/2026 - 12/11/2026,,https://public.lionpath.psu.edu/psc/CSPRD_newwin/EMPLOYEE/PSFT_HR/c/PE_SR175_PUBLIC.SSR_CRSE_INFO_FL.GBL?Page=SSR_CRSE_INFO_FL&Action=U&ACAD_CAREER=UGRD&CRSE_ID=305976&CRSE_OFFER_NBR=1&INSTITUTION=PSU55&STRM=2268&CLASS_NBR=23928&SSR_COMPONENT=LEC,2026-08-20T09:53:03-04:00,
Fall 2026,University Park,MATH,33,001,21080,Mathematics for Sustainability,,LEC,UGRD,T Th | WEB,10:35 AM-11:25 AM | ,Chambers Bldg 104 | ,Heather Parizek,20,20,Y,Wait List,Regular Academic Session,08/24/2026 - 12/11/2026,,https://public.lionpath.psu.edu/psc/CSPRD_newwin/EMPLOYEE/PSFT_HR/c/PE_SR175_PUBLIC.SSR_CRSE_INFO_FL.GBL?Page=SSR_CRSE_INFO_FL&Action=U&ACAD_CAREER=UGRD&CRSE_ID=029246&CRSE_OFFER_NBR=1&INSTITUTION=PSU55&STRM=2268&CLASS_NBR=21080&SSR_COMPONENT=LEC,2026-08-20T09:53:03-04:00,
Fall 2026,University Park,MATH,33,002,27622,Mathematics for Sustainability,,LEC,UGRD,M W | WEB,2:30 PM-3:20 PM | ,Chambers Bldg 111 | ,Kirby Dietz,17,20,Y,Wait List,Regular Academic Session,08/24/2026 - 12/11/2026,,https://public.lionpath.psu.edu/psc/CSPRD_newwin/EMPLOYEE/PSFT_HR/c/PE_SR175_PUBLIC.SSR_CRSE_INFO_FL.GBL?Page=SSR_CRSE_INFO_FL&Action=U&ACAD_CAREER=UGRD&CRSE_ID=029246&CRSE_OFFER_NBR=1&INSTITUTION=PSU55&STRM=2268&CLASS_NBR=27622&SSR_COMPONENT=LEC,2026-08-20T09:53:03-04:00,
Fall 2026,University Park,MATH,34,001,21101,The Mathematics of Money,,LEC,UGRD,M W F,8:00 AM-8:50 AM,Wartik Lab 110,Fernanda Bonafini,75,150,Y,Open,Regular Academic Session,08/24/2026 - 12/11/2026,,https://public.lionpath.psu.edu/psc/CSPRD_newwin/EMPLOYEE/PSFT_HR/c/PE_SR175_PUBLIC.SSR_CRSE_INFO_FL.GBL?Page=SSR_CRSE_INFO_FL&Action=U&ACAD_CAREER=UGRD&CRSE_ID=029247&CRSE_OFFER_NBR=1&INSTITUTION=PSU55&STRM=2268&CLASS_NBR=21101&SSR_COMPONENT=LEC,2026-08-20T09:53:03-04:00,
Fall 2026,University Park,MATH,34,002,21105,The Mathematics of Money,,LEC,UGRD,M W F,10:10 AM-11:00 AM,Wartik Lab 110,Fernanda Bonafini,1,150,Y,Open,Regular Academic Session,08/24/2026 - 12/11/2026,,https://public.lionpath.psu.edu/psc/CSPRD_newwin/EMPLOYEE/PSFT_HR/c/PE_SR175_PUBLIC.SSR_CRSE_INFO_FL.GBL?Page=SSR_CRSE_INFO_FL&Action=U&ACAD_CAREER=UGRD&CRSE_ID=029247&CRSE_OFFER_NBR=1&INSTITUTION=PSU55&STRM=2268&CLASS_NBR=21105&SSR_COMPONENT=LEC,2026-08-20T09:53:03-04:00,
Fall 2026,University Park,MATH,34,003,21132,The Mathematics of Money,,LEC,UGRD,WEB,,,Fernanda Bonafini,11,20,Y,Wait List,Regular Academic Session,08/24/2026 - 12/11/2026,,https://public.lionpath.psu.edu/psc/CSPRD_newwin/EMPLOYEE/PSFT_HR/c/PE_SR175_PUBLIC.SSR_CRSE_INFO_FL.GBL?Page=SSR_CRSE_INFO_FL&Action=U&ACAD_CAREER=UGRD&CRSE_ID=029247&CRSE_OFFER_NBR=1&INSTITUTION=PSU55&STRM=2268&CLASS_NBR=21132&SSR_COMPONENT=LEC,2026-08-20T09:53:03-04:00,
Fall 2026,University Park,MATH,34,004,21133,The Mathematics of Money,,LEC,UGRD,WEB,,,Fernanda Bonafini,11,20,Y,Wait List,Regular Academic Session,08/24/2026 - 12/11/2026,,https://public.lionpath.psu.edu/psc/CSPRD_newwin/EMPLOYEE/PSFT_HR/c/PE_SR175_PUBLIC.SSR_CRSE_INFO_FL.GBL?Page=SSR_CRSE_INFO_FL&Action=U&ACAD_CAREER=UGRD&CRSE_ID=029247&CRSE_OFFER_NBR=1&INSTITUTION=PSU55&STRM=2268&CLASS_NBR=21133&SSR_COMPONENT=LEC,2026-08-20T09:53:03-04:00,
Fall 2026,World Campus,MATH,34,001,21102,The Mathematics of Money,,LEC,UGRD,WEB,,,"Christopher Oliver, Steven Hair",3,5,Y,Wait List,Regular Academic Session,08/24/2026 - 12/11/2026,,https://public.lionpath.psu.edu/psc/CSPRD_newwin/EMPLOYEE/PSFT_HR/c/PE_SR175_PUBLIC.SSR_CRSE_INFO_FL.GBL?Page=SSR_CRSE_INFO_FL&Action=U&ACAD_CAREER=UGRD&CRSE_ID=029247&CRSE_OFFER_NBR=17&INSTITUTION=PSU55&STRM=2268&CLASS_NBR=21102&SSR_COMPONENT=LEC,2026-08-20T09:53:03-04:00,
Fall 2026,University Park,MATH,35,001,21135,General View of Mathematics,,LEC,UGRD,M W F,3:35 PM-4:25 PM,Willard Bldg 160,Adrian Ocneanu,1,25,Y,Open,Regular Academic Session,08/24/2026 - 12/11/2026,,https://public.lionpath.psu.edu/psc/CSPRD_newwin/EMPLOYEE/PSFT_HR/c/PE_SR175_PUBLIC.SSR_CRSE_INFO_FL.GBL?Page=SSR_CRSE_INFO_FL&Action=U&ACAD_CAREER=UGRD&CRSE_ID=029249&CRSE_OFFER_NBR=1&INSTITUTION=PSU55&STRM=2268&CLASS_NBR=21135&SSR_COMPONENT=LEC,2026-08-20T09:53:03-04:00,
Fall 2026,University Park,MATH,36,001,21157,Insights Into Mathematics,,LEC,UGRD,M W F,10:10 AM-11:00 AM,Chambers Bldg 106,Maya Franklin,6,45,Y,Open,Regular Academic Session,08/24/2026 - 12/11/2026,,https://public.lionpath.psu.edu/psc/CSPRD_newwin/EMPLOYEE/PSFT_HR/c/PE_SR175_PUBLIC.SSR_CRSE_INFO_FL.GBL?Page=SSR_CRSE_INFO_FL&Action=U&ACAD_CAREER=UGRD&CRSE_ID=029252&CRSE_OFFER_NBR=1&INSTITUTION=PSU55&STRM=2268&CLASS_NBR=21157&SSR_COMPONENT=LEC,2026-08-20T09:53:03-04:00,
Fall 2026,University Park,MATH,36,002,21159,Insights Into Mathematics,,LEC,UGRD,M W F,11:15 AM-12:05 PM,Nursing Sciences Bldg 316,Maya Franklin,17,44,Y,Open,Regular Academic Session,08/24/2026 - 12/11/2026,,https://public.lionpath.psu.edu/psc/CSPRD_newwin/EMPLOYEE/PSFT_HR/c/PE_SR175_PUBLIC.SSR_CRSE_INFO_FL.GBL?Page=SSR_CRSE_INFO_FL&Action=U&ACAD_CAREER=UGRD&CRSE_ID=029252&CRSE_OFFER_NBR=1&INSTITUTION=PSU55&STRM=2268&CLASS_NBR=21159&SSR_COMPONENT=LEC,2026-08-20T09:53:03-04:00,
Fall 2026,World Campus,MATH,36,001,21158,Insights Into Mathematics,,LEC,UGRD,WEB,,,"Shabnam Akhtari, Steven Hair",30,75,Y,Open,Seven Week - Second,10/19/2026 - 12/11/2026,,https://public.lionpath.psu.edu/psc/CSPRD_newwin/EMPLOYEE/PSFT_HR/c/PE_SR175_PUBLIC.SSR_CRSE_INFO_FL.GBL?Page=SSR_CRSE_INFO_FL&Action=U&ACAD_CAREER=UGRD&CRSE_ID=029252&CRSE_OFFER_NBR=8&INSTITUTION=PSU55&STRM=2268&CLASS_NBR=21158&SSR_COMPONENT=LEC,2026-08-20T09:53:03-04:00,
Fall 2026,University Park,MATH,38,002,23539,Elementary Linear Algebra,,LEC,UGRD,M W F,11:15 AM-12:05 PM,Osmond Lab 112,Patrick Donaghue,26,44,Y,Open,Regular Academic Session,08/24/2026 - 12/11/2026,,https://public.lionpath.psu.edu/psc/CSPRD_newwin/EMPLOYEE/PSFT_HR/c/PE_SR175_PUBLIC.SSR_CRSE_INFO_FL.GBL?Page=SSR_CRSE_INFO_FL&Action=U&ACAD_CAREER=UGRD&CRSE_ID=029235&CRSE_OFFER_NBR=1&INSTITUTION=PSU55&STRM=2268&CLASS_NBR=23539&SSR_COMPONENT=LEC,2026-08-20T09:53:03-04:00,
Fall 2026,University Park,MATH,41,001,21162,Trigonometry and Analytic Geometry,,LEC,UGRD,M T W F,8:00 AM-8:50 AM,Huck Life Sciences Bldg 009,Julia Zera,8,43,Y,Open,Regular Academic Session,08/24/2026 - 12/11/2026,,https://public.lionpath.psu.edu/psc/CSPRD_newwin/EMPLOYEE/PSFT_HR/c/PE_SR175_PUBLIC.SSR_CRSE_INFO_FL.GBL?Page=SSR_CRSE_INFO_FL&Action=U&ACAD_CAREER=UGRD&CRSE_ID=029259&CRSE_OFFER_NBR=1&INSTITUTION=PSU55&STRM=2268&CLASS_NBR=21162&SSR_COMPONENT=LEC,2026-08-20T09:53:03-04:00,
Fall 2026,University Park,MATH,41,004,22286,Trigonometry and Analytic Geometry,,LEC,UGRD,M T W F,12:20 PM-1:10 PM,Thomas Bldg 216,Anushree Gupta,6,45,Y,Open,Regular Academic Session,08/24/2026 - 12/11/2026,,https://public.lionpath.psu.edu/psc/CSPRD_newwin/EMPLOYEE/PSFT_HR/c/PE_SR175_PUBLIC.SSR_CRSE_INFO_FL.GBL?Page=SSR_CRSE_INFO_FL&Action=U&ACAD_CAREER=UGRD&CRSE_ID=029259&CRSE_OFFER_NBR=1&INSTITUTION=PSU55&STRM=2268&CLASS_NBR=22286&SSR_COMPONENT=LEC,2026-08-20T09:53:03-04:00,
Fall 2026,University Park,MATH,41,005,23540,Trigonometry and Analytic Geometry,,LEC,UGRD,M T W F,3:35 PM-4:25 PM,Chambers Bldg 106,Muhammad Atif Zaheer,13,45,Y,Open,Regular Academic Session,08/24/2026 - 12/11/2026,,https://public.lionpath.psu.edu/psc/CSPRD_newwin/EMPLOYEE/PSFT_HR/c/PE_SR175_PUBLIC.SSR_CRSE_INFO_FL.GBL?Page=SSR_CRSE_INFO_FL&Action=U&ACAD_CAREER=UGRD&CRSE_ID=029259&CRSE_OFFER_NBR=1&INSTITUTION=PSU55&STRM=2268&CLASS_NBR=23540&SSR_COMPONENT=LEC,2026-08-20T09:53:03-04:00,
Fall 2026,University Park,MATH,41,006,23541,Trigonometry and Analytic Geometry,,LEC,UGRD,M T W F,3:35 PM-4:25 PM,Osmond Lab 112,Sumantha Kanale Suresha,13,43,Y,Open,Regular Academic Session,08/24/2026 - 12/11/2026,,https://public.lionpath.psu.edu/psc/CSPRD_newwin/EMPLOYEE/PSFT_HR/c/PE_SR175_PUBLIC.SSR_CRSE_INFO_FL.GBL?Page=SSR_CRSE_INFO_FL&Action=U&ACAD_CAREER=UGRD&CRSE_ID=029259&CRSE_OFFER_NBR=1&INSTITUTION=PSU55&STRM=2268&CLASS_NBR=23541&SSR_COMPONENT=LEC,2026-08-20T09:53:03-04:00,
Fall 2026,University Park,MATH,41,007,23767,Trigonometry and Analytic Geometry,,LEC,UGRD,M T W F,4:40 PM-5:30 PM,Willard Bldg 367,Silas Mitchell,10,45,,Open,Regular Academic Session,08/24/2026 - 12/11/2026,,https://public.lionpath.psu.edu/psc/CSPRD_newwin/EMPLOYEE/PSFT_HR/c/PE_SR175_PUBLIC.SSR_CRSE_INFO_FL.GBL?Page=SSR_CRSE_INFO_FL&Action=U&ACAD_CAREER=UGRD&CRSE_ID=029259&CRSE_OFFER_NBR=1&INSTITUTION=PSU55&STRM=2268&CLASS_NBR=23767&SSR_COMPONENT=LEC,2026-08-20T09:53:03-04:00,
Fall 2026,World Campus,MATH,41,001,24282,Trigonometry and Analytic Geometry,,LEC,UGRD,WEB,,,"Neena Chopra, Steven Hair",24,45,,Open,Regular Academic Session,08/24/2026 - 12/11/2026,,https://public.lionpath.psu.edu/psc/CSPRD_newwin/EMPLOYEE/PSFT_HR/c/PE_SR175_PUBLIC.SSR_CRSE_INFO_FL.GBL?Page=SSR_CRSE_INFO_FL&Action=U&ACAD_CAREER=UGRD&CRSE_ID=029259&CRSE_OFFER_NBR=13&INSTITUTION=PSU55&STRM=2268&CLASS_NBR=24282&SSR_COMPONENT=LEC,2026-08-20T09:53:03-04:00,
Fall 2026,University Park,MATH,97,001,28928,Special Topics: Math in Society,Math in Society,LEC,UGRD,M W F,10:10 AM-11:00 AM,Thomas Bldg 209,Sam Vancini,3,34,Y,Open,Regular Academic Session,08/24/2026 - 12/11/2026,,https://public.lionpath.psu.edu/psc/CSPRD_newwin/EMPLOYEE/PSFT_HR/c/PE_SR175_PUBLIC.SSR_CRSE_INFO_FL.GBL?Page=SSR_CRSE_INFO_FL&Action=U&ACAD_CAREER=UGRD&CRSE_ID=029288&CRSE_OFFER_NBR=1&INSTITUTION=PSU55&STRM=2268&CLASS_NBR=28928&SSR_COMPONENT=LEC,2026-08-20T09:53:03-04:00,
Fall 2026,University Park,MATH,110,001,21259,Techniques of Calculus I,,LEC,UGRD,M T W F,9:05 AM-9:55 AM,East Classroom Bldg 101,Albena Zikatanova,12,20,Y,Wait List,Regular Academic Session,08/24/2026 - 12/11/2026,,https://public.lionpath.psu.edu/psc/CSPRD_newwin/EMPLOYEE/PSFT_HR/c/PE_SR175_PUBLIC.SSR_CRSE_INFO_FL.GBL?Page=SSR_CRSE_INFO_FL&Action=U&ACAD_CAREER=UGRD&CRSE_ID=029305&CRSE_OFFER_NBR=1&INSTITUTION=PSU55&STRM=2268&CLASS_NBR=21259&SSR_COMPONENT=LEC,2026-08-20T09:53:03-04:00,
Fall 2026,University Park,MATH,110,002,21262,Techniques of Calculus I,,LEC,UGRD,M T W F,12:20 PM-1:10 PM,Sparks Bldg 121,Joseph Miller,1,10,Y,Wait List,Regular Academic Session,08/24/2026 - 12/11/2026,,https://public.lionpath.psu.edu/psc/CSPRD_newwin/EMPLOYEE/PSFT_HR/c/PE_SR175_PUBLIC.SSR_CRSE_INFO_FL.GBL?Page=SSR_CRSE_INFO_FL&Action=U&ACAD_CAREER=UGRD&CRSE_ID=029305&CRSE_OFFER_NBR=1&INSTITUTION=PSU55&STRM=2268&CLASS_NBR=21262&SSR_COMPONENT=LEC,2026-08-20T09:53:03-04:00,
Fall 2026,University Park,MATH,110,003,23484,Techniques of Calculus I,,LEC,UGRD,M T W F,3:35 PM-4:25 PM,Forum Bldg 108,Jim Kowalski,7,25,Y,Wait List,Regular Academic Session,08/24/2026 - 12/11/2026,,https://public.lionpath.psu.edu/psc/CSPRD_newwin/EMPLOYEE/PSFT_HR/c/PE_SR175_PUBLIC.SSR_CRSE_INFO_FL.GBL?Page=SSR_CRSE_INFO_FL&Action=U&ACAD_CAREER=UGRD&CRSE_ID=029305&CRSE_OFFER_NBR=1&INSTITUTION=PSU55&STRM=2268&CLASS_NBR=23484&SSR_COMPONENT=LEC,2026-08-20T09:53:03-04:00,
Fall 2026,University Park,MATH,110,004,23689,Techniques of Calculus I,,LEC,UGRD,M T W F,4:40 PM-5:30 PM,Forum Bldg 108,Joseph Miller,15,20,Y,Wait List,Regular Academic Session,08/24/2026 - 12/11/2026,,https://public.lionpath.psu.edu/psc/CSPRD_newwin/EMPLOYEE/PSFT_HR/c/PE_SR175_PUBLIC.SSR_CRSE_INFO_FL.GBL?Page=SSR_CRSE_INFO_FL&Action=U&ACAD_CAREER=UGRD&CRSE_ID=029305&CRSE_OFFER_NBR=1&INSTITUTION=PSU55&STRM=2268&CLASS_NBR=23689&SSR_COMPONENT=LEC,2026-08-20T09:53:03-04:00,
Fall 2026,World Campus,MATH,110,001,21232,Techniques of Calculus I,,LEC,UGRD,WEB,,,"David Little, Steven Hair",,,Y,Closed,Regular Academic Session,08/24/2026 - 12/11/2026,,https://public.lionpath.psu.edu/psc/CSPRD_newwin/EMPLOYEE/PSFT_HR/c/PE_SR175_PUBLIC.SSR_CRSE_INFO_FL.GBL?Page=SSR_CRSE_INFO_FL&Action=U&ACAD_CAREER=UGRD&CRSE_ID=029305&CRSE_OFFER_NBR=19&INSTITUTION=PSU55&STRM=2268&CLASS_NBR=21232&SSR_COMPONENT=LEC,2026-08-20T09:53:03-04:00,
Fall 2026,University Park,MATH,111,001,21291,Techniques of Calculus II,,LEC,UGRD,T Th,12:20 PM-1:10 PM,Willard Bldg 373,Samantha Fuller,21,45,Y,Open,Regular Academic Session,08/24/2026 - 12/11/2026,,https://public.lionpath.psu.edu/psc/CSPRD_newwin/EMPLOYEE/PSFT_HR/c/PE_SR175_PUBLIC.SSR_CRSE_INFO_FL.GBL?Page=SSR_CRSE_INFO_FL&Action=U&ACAD_CAREER=UGRD&CRSE_ID=029307&CRSE_OFFER_NBR=1&INSTITUTION=PSU55&STRM=2268&CLASS_NBR=21291&SSR_COMPONENT=LEC,2026-08-20T09:53:03-04:00,
Fall 2026,University Park,MATH,140,001,21401,Calculus With Analytic Geometry I,,LEC,UGRD,M T W F,8:00 AM-8:50 AM,Willard Bldg 258,Michael Foster,17,20,Y,Wait List,Regular Academic Session,08/24/2026 - 12/11/2026,,https://public.lionpath.psu.edu/psc/CSPRD_newwin/EMPLOYEE/PSFT_HR/c/PE_SR175_PUBLIC.SSR_CRSE_INFO_FL.GBL?Page=SSR_CRSE_INFO_FL&Action=U&ACAD_CAREER=UGRD&CRSE_ID=029310&CRSE_OFFER_NBR=1&INSTITUTION=PSU55&STRM=2268&CLASS_NBR=21401&SSR_COMPONENT=LEC,2026-08-20T09:53:03-04:00,
Fall 2026,University Park,MATH,140,002,21465,Calculus With Analytic Geometry I,,LEC,UGRD,M T W F,8:00 AM-8:50 AM,Nursing Sciences Bldg 316,Sofya Bykova,20,20,Y,Wait List,Regular Academic Session,08/24/2026 - 12/11/2026,,https://public.lionpath.psu.edu/psc/CSPRD_newwin/EMPLOYEE/PSFT_HR/c/PE_SR175_PUBLIC.SSR_CRSE_INFO_FL.GBL?Page=SSR_CRSE_INFO_FL&Action=U&ACAD_CAREER=UGRD&CRSE_ID=029310&CRSE_OFFER_NBR=1&INSTITUTION=PSU55&STRM=2268&CLASS_NBR=21465&SSR_COMPONENT=LEC,2026-08-20T09:53:03-04:00,
Fall 2026,University Park,MATH,140,003,21468,Calculus With Analytic Geometry I,,LEC,UGRD,M T W F,8:00 AM-8:50 AM,Rackley Building 105,Francisco Monardes,20,20,Y,Wait List,Regular Academic Session,08/24/2026 - 12/11/2026,,https://public.lionpath.psu.edu/psc/CSPRD_newwin/EMPLOYEE/PSFT_HR/c/PE_SR175_PUBLIC.SSR_CRSE_INFO_FL.GBL?Page=SSR_CRSE_INFO_FL&Action=U&ACAD_CAREER=UGRD&CRSE_ID=029310&CRSE_OFFER_NBR=1&INSTITUTION=PSU55&STRM=2268&CLASS_NBR=21468&SSR_COMPONENT=LEC,2026-08-20T09:53:03-04:00,
Fall 2026,University Park,MATH,140,004,21471,Calculus With Analytic Geometry I,,LEC,UGRD,M T W F,8:00 AM-8:50 AM,Willard Bldg 373,Eugene Henninger-Voss,19,20,Y,Wait List,Regular Academic Session,08/24/2026 - 12/11/2026,,https://public.lionpath.psu.edu/psc/CSPRD_newwin/EMPLOYEE/PSFT_HR/c/PE_SR175_PUBLIC.SSR_CRSE_INFO_FL.GBL?Page=SSR_CRSE_INFO_FL&Action=U&ACAD_CAREER=UGRD&CRSE_ID=029310&CRSE_OFFER_NBR=1&INSTITUTION=PSU55&STRM=2268&CLASS_NBR=21471&SSR_COMPONENT=LEC,2026-08-20T09:53:03-04:00,
Fall 2026,University Park,MATH,140,005,21472,Calculus With Analytic Geometry I,,LEC,UGRD,M T W F,8:00 AM-8:50 AM,Willard Bldg 367,Yuchao Yi,20,20,Y,Wait List,Regular Academic Session,08/24/2026 - 12/11/2026,,https://public.lionpath.psu.edu/psc/CSPRD_newwin/EMPLOYEE/PSFT_HR/c/PE_SR175_PUBLIC.SSR_CRSE_INFO_FL.GBL?Page=SSR_CRSE_INFO_FL&Action=U&ACAD_CAREER=UGRD&CRSE_ID=029310&CRSE_OFFER_NBR=1&INSTITUTION=PSU55&STRM=2268&CLASS_NBR=21472&SSR_COMPONENT=LEC,2026-08-20T09:53:03-04:00,
Fall 2026,University Park,MATH,140,006,21473,Calculus With Analytic Geometry I,,LEC,UGRD,M T W F,8:00 AM-8:50 AM,Huck Life Sciences Bldg 013,,,,,,,,,https://public.lionpath.psu.edu/psc/CSPRD_newwin/EMPLOYEE/PSFT_HR/c/PE_SR175_PUBLIC.SSR_CRSE_INFO_FL.GBL?Page=SSR_CRSE_INFO_FL&Action=U&ACAD_CAREER=UGRD&CRSE_ID=029310&CRSE_OFFER_NBR=1&INSTITUTION=PSU55&STRM=2268&CLASS_NBR=21473&SSR_COMPONENT=LEC,2026-08-20T09:53:03-04:00,
Fall 2026,University Park,MATH,140,008,21475,Calculus With Analytic Geometry I,,LEC,UGRD,M T W F,9:05 AM-9:55 AM,Willard Bldg 060,Amine Benkiran,13,20,Y,Wait List,Regular Academic Session,08/24/2026 - 12/11/2026,,https://public.lionpath.psu.edu/psc/CSPRD_newwin/EMPLOYEE/PSFT_HR/c/PE_SR175_PUBLIC.SSR_CRSE_INFO_FL.GBL?Page=SSR_CRSE_INFO_FL&Action=U&ACAD_CAREER=UGRD&CRSE_ID=029310&CRSE_OFFER_NBR=1&INSTITUTION=PSU55&STRM=2268&CLASS_NBR=21475&SSR_COMPONENT=LEC,2026-08-20T09:53:03-04:00,
Fall 2026,University Park,MATH,140,009,21496,Calculus With Analytic Geometry I,,LEC,UGRD,M W F | T,10:10 AM-11:00 AM | 10:10 AM-11:00 AM,Chambers Bldg 107 | Willard Bldg 075,,,,,,,,,https://public.lionpath.psu.edu/psc/CSPRD_newwin/EMPLOYEE/PSFT_HR/c/PE_SR175_PUBLIC.SSR_CRSE_INFO_FL.GBL?Page=SSR_CRSE_INFO_FL&Action=U&ACAD_CAREER=UGRD&CRSE_ID=029310&CRSE_OFFER_NBR=1&INSTITUTION=PSU55&STRM=2268&CLASS_NBR=21496&SSR_COMPONENT=LEC,2026-08-20T09:53:03-04:00,
Fall 2026,University Park,MATH,140,010,21030,Calculus With Analytic Geometry I,,LEC,UGRD,M W F | T,10:10 AM-11:00 AM | 10:10 AM-11:00 AM,Wagner Bldg 118 | Ferguson Bldg 205,QUINN MINNICH,17,20,Y,Wait List,Regular Academic Session,08/24/2026 - 12/11/2026,,https://public.lionpath.psu.edu/psc/CSPRD_newwin/EMPLOYEE/PSFT_HR/c/PE_SR175_PUBLIC.SSR_CRSE_INFO_FL.GBL?Page=SSR_CRSE_INFO_FL&Action=U&ACAD_CAREER=UGRD&CRSE_ID=029310&CRSE_OFFER_NBR=1&INSTITUTION=PSU55&STRM=2268&CLASS_NBR=21030&SSR_COMPONENT=LEC,2026-08-20T09:53:03-04:00,
Fall 2026,University Park,MATH,140,011,21497,Calculus With Analytic Geometry I,,LEC,UGRD,M T W F,9:05 AM-9:55 AM,Tyson Bldg 108,Chang Liu,20,20,Y,Wait List,Regular Academic Session,08/24/2026 - 12/11/2026,,https://public.lionpath.psu.edu/psc/CSPRD_newwin/EMPLOYEE/PSFT_HR/c/PE_SR175_PUBLIC.SSR_CRSE_INFO_FL.GBL?Page=SSR_CRSE_INFO_FL&Action=U&ACAD_CAREER=UGRD&CRSE_ID=029310&CRSE_OFFER_NBR=1&INSTITUTION=PSU55&STRM=2268&CLASS_NBR=21497&SSR_COMPONENT=LEC,2026-08-20T09:53:03-04:00,
Fall 2026,University Park,MATH,140,013,21499,Calculus With Analytic Geometry I,,LEC,UGRD,M T W F,9:05 AM-9:55 AM,Wagner Bldg 316,Nicolas Martinez Ramos,19,20,Y,Wait List,Regular Academic Session,08/24/2026 - 12/11/2026,,https://public.lionpath.psu.edu/psc/CSPRD_newwin/EMPLOYEE/PSFT_HR/c/PE_SR175_PUBLIC.SSR_CRSE_INFO_FL.GBL?Page=SSR_CRSE_INFO_FL&Action=U&ACAD_CAREER=UGRD&CRSE_ID=029310&CRSE_OFFER_NBR=1&INSTITUTION=PSU55&STRM=2268&CLASS_NBR=21499&SSR_COMPONENT=LEC,2026-08-20T09:53:03-04:00,
Fall 2026,University Park,MATH,140,014,21031,Calculus With Analytic Geometry I,,LEC,UGRD,M T W F,9:05 AM-9:55 AM,Wagner Bldg 305,Yuchao Yi,18,20,Y,Wait List,Regular Academic Session,08/24/2026 - 12/11/2026,,https://public.lionpath.psu.edu/psc/CSPRD_newwin/EMPLOYEE/PSFT_HR/c/PE_SR175_PUBLIC.SSR_CRSE_INFO_FL.GBL?Page=SSR_CRSE_INFO_FL&Action=U&ACAD_CAREER=UGRD&CRSE_ID=029310&CRSE_OFFER_NBR=1&INSTITUTION=PSU55&STRM=2268&CLASS_NBR=21031&SSR_COMPONENT=LEC,2026-08-20T09:53:03-04:00,
Fall 2026,University Park,MATH,140,015,21500,Calculus With Analytic Geometry I,,LEC,UGRD,M T W F,12:20 PM-1:10 PM,Walker Building 124,,,,,,,,,https://public.lionpath.psu.edu/psc/CSPRD_newwin/EMPLOYEE/PSFT_HR/c/PE_SR175_PUBLIC.SSR_CRSE_INFO_FL.GBL?Page=SSR_CRSE_INFO_FL&Action=U&ACAD_CAREER=UGRD&CRSE_ID=029310&CRSE_OFFER_NBR=1&INSTITUTION=PSU55&STRM=2268&CLASS_NBR=21500&SSR_COMPONENT=LEC,2026-08-20T09:53:03-04:00,
Fall 2026,University Park,MATH,140,016,21502,Calculus With Analytic Geometry I,,LEC,UGRD,M T W F,12:20 PM-1:10 PM,Osmond Lab 106,,,,,,,,,https://public.lionpath.psu.edu/psc/CSPRD_newwin/EMPLOYEE/PSFT_HR/c/PE_SR175_PUBLIC.SSR_CRSE_INFO_FL.GBL?Page=SSR_CRSE_INFO_FL&Action=U&ACAD_CAREER=UGRD&CRSE_ID=029310&CRSE_OFFER_NBR=1&INSTITUTION=PSU55&STRM=2268&CLASS_NBR=21502&SSR_COMPONENT=LEC,2026-08-20T09:53:03-04:00,
Fall 2026,University Park,MATH,140,017,21032,Calculus With Analytic Geometry I,,LEC,UGRD,M T W F,12:20 PM-1:10 PM,Ferguson Bldg 205,,,,,,,,,https://public.lionpath.psu.edu/psc/CSPRD_newwin/EMPLOYEE/PSFT_HR/c/PE_SR175_PUBLIC.SSR_CRSE_INFO_FL.GBL?Page=SSR_CRSE_INFO_FL&Action=U&ACAD_CAREER=UGRD&CRSE_ID=029310&CRSE_OFFER_NBR=1&INSTITUTION=PSU55&STRM=2268&CLASS_NBR=21032&SSR_COMPONENT=LEC,2026-08-20T09:53:03-04:00,
Fall 2026,University Park,MATH,140,018,21503,Calculus With Analytic Geometry I,,LEC,UGRD,M T W F,12:20 PM-1:10 PM,Nursing Sciences Bldg 323,,,,,,,,,https://public.lionpath.psu.edu/psc/CSPRD_newwin/EMPLOYEE/PSFT_HR/c/PE_SR175_PUBLIC.SSR_CRSE_INFO_FL.GBL?Page=SSR_CRSE_INFO_FL&Action=U&ACAD_CAREER=UGRD&CRSE_ID=029310&CRSE_OFFER_NBR=1&INSTITUTION=PSU55&STRM=2268&CLASS_NBR=21503&SSR_COMPONENT=LEC,2026-08-20T09:53:03-04:00,
Fall 2026,University Park,MATH,140,019,21504,Calculus With Analytic Geometry I,,LEC,UGRD,M T W F,12:20 PM-1:10 PM,Thomas Bldg 215,,,,,,,,,https://public.lionpath.psu.edu/psc/CSPRD_newwin/EMPLOYEE/PSFT_HR/c/PE_SR175_PUBLIC.SSR_CRSE_INFO_FL.GBL?Page=SSR_CRSE_INFO_FL&Action=U&ACAD_CAREER=UGRD&CRSE_ID=029310&CRSE_OFFER_NBR=1&INSTITUTION=PSU55&STRM=2268&CLASS_NBR=21504&SSR_COMPONENT=LEC,2026-08-20T09:53:03-04:00,
Fall 2026,University Park,MATH,140,020,21027,Calculus With Analytic Geometry I,,LEC,UGRD,M T W F,12:20 PM-1:10 PM,Wagner Bldg 305,,,,,,,,,https://public.lionpath.psu.edu/psc/CSPRD_newwin/EMPLOYEE/PSFT_HR/c/PE_SR175_PUBLIC.SSR_CRSE_INFO_FL.GBL?Page=SSR_CRSE_INFO_FL&Action=U&ACAD_CAREER=UGRD&CRSE_ID=029310&CRSE_OFFER_NBR=1&INSTITUTION=PSU55&STRM=2268&CLASS_NBR=21027&SSR_COMPONENT=LEC,2026-08-20T09:53:03-04:00,
Fall 2026,University Park,MATH,140,021,22248,Calculus With Analytic Geometry I,,LEC,UGRD,M T W F,12:20 PM-1:10 PM,Osmond Lab 112,,,,,,,,,https://public.lionpath.psu.edu/psc/CSPRD_newwin/EMPLOYEE/PSFT_HR/c/PE_SR175_PUBLIC.SSR_CRSE_INFO_FL.GBL?Page=SSR_CRSE_INFO_FL&Action=U&ACAD_CAREER=UGRD&CRSE_ID=029310&CRSE_OFFER_NBR=1&INSTITUTION=PSU55&STRM=2268&CLASS_NBR=22248&SSR_COMPONENT=LEC,2026-08-20T09:53:03-04:00,
Fall 2026,University Park,MATH,140,022,21028,Calculus With Analytic Geometry I,,LEC,UGRD,M T W F,12:20 PM-1:10 PM,Wagner Bldg 317,,,,,,,,,https://public.lionpath.psu.edu/psc/CSPRD_newwin/EMPLOYEE/PSFT_HR/c/PE_SR175_PUBLIC.SSR_CRSE_INFO_FL.GBL?Page=SSR_CRSE_INFO_FL&Action=U&ACAD_CAREER=UGRD&CRSE_ID=029310&CRSE_OFFER_NBR=1&INSTITUTION=PSU55&STRM=2268&CLASS_NBR=21028&SSR_COMPONENT=LEC,2026-08-20T09:53:03-04:00,
Fall 2026,University Park,MATH,140,023,21029,Calculus With Analytic Geometry I,,LEC,UGRD,M T W F,12:20 PM-1:10 PM,Tyson Bldg 108,,,,,,,,,https://public.lionpath.psu.edu/psc/CSPRD_newwin/EMPLOYEE/PSFT_HR/c/PE_SR175_PUBLIC.SSR_CRSE_INFO_FL.GBL?Page=SSR_CRSE_INFO_FL&Action=U&ACAD_CAREER=UGRD&CRSE_ID=029310&CRSE_OFFER_NBR=1&INSTITUTION=PSU55&STRM=2268&CLASS_NBR=21029&SSR_COMPONENT=LEC,2026-08-20T09:53:03-04:00,
Fall 2026,University Park,MATH,140,025,23448,Calculus With Analytic Geometry I,,LEC,UGRD,M T W F,3:35 PM-4:25 PM,Boucke Bldg 109,Junhwa Jung,20,20,Y,Wait List,Regular Academic Session,08/24/2026 - 12/11/2026,,https://public.lionpath.psu.edu/psc/CSPRD_newwin/EMPLOYEE/PSFT_HR/c/PE_SR175_PUBLIC.SSR_CRSE_INFO_FL.GBL?Page=SSR_CRSE_INFO_FL&Action=U&ACAD_CAREER=UGRD&CRSE_ID=029310&CRSE_OFFER_NBR=1&INSTITUTION=PSU55&STRM=2268&CLASS_NBR=23448&SSR_COMPONENT=LEC,2026-08-20T09:53:03-04:00,
Fall 2026,University Park,MATH,140,026,23449,Calculus With Analytic Geometry I,,LEC,UGRD,M T W F,3:35 PM-4:25 PM,Osmond Lab 207,Sangjun Ko,20,20,Y,Wait List,Regular Academic Session,08/24/2026 - 12/11/2026,,https://public.lionpath.psu.edu/psc/CSPRD_newwin/EMPLOYEE/PSFT_HR/c/PE_SR175_PUBLIC.SSR_CRSE_INFO_FL.GBL?Page=SSR_CRSE_INFO_FL&Action=U&ACAD_CAREER=UGRD&CRSE_ID=029310&CRSE_OFFER_NBR=1&INSTITUTION=PSU55&STRM=2268&CLASS_NBR=23449&SSR_COMPONENT=LEC,2026-08-20T09:53:03-04:00,
Fall 2026,University Park,MATH,140,027,23450,Calculus With Analytic Geometry I,,LEC,UGRD,M T W F,3:35 PM-4:25 PM,Huck Life Sciences Bldg 013,Joey Veltri,20,20,Y,Wait List,Regular Academic Session,08/24/2026 - 12/11/2026,,https://public.lionpath.psu.edu/psc/CSPRD_newwin/EMPLOYEE/PSFT_HR/c/PE_SR175_PUBLIC.SSR_CRSE_INFO_FL.GBL?Page=SSR_CRSE_INFO_FL&Action=U&ACAD_CAREER=UGRD&CRSE_ID=029310&CRSE_OFFER_NBR=1&INSTITUTION=PSU55&STRM=2268&CLASS_NBR=23450&SSR_COMPONENT=LEC,2026-08-20T09:53:03-04:00,
Fall 2026,University Park,MATH,140,028,23451,Calculus With Analytic Geometry I,,LEC,UGRD,M T W F,3:35 PM-4:25 PM,Osmond Lab 109,Seunghoon Bang,19,20,Y,Wait List,Regular Academic Session,08/24/2026 - 12/11/2026,,https://public.lionpath.psu.edu/psc/CSPRD_newwin/EMPLOYEE/PSFT_HR/c/PE_SR175_PUBLIC.SSR_CRSE_INFO_FL.GBL?Page=SSR_CRSE_INFO_FL&Action=U&ACAD_CAREER=UGRD&CRSE_ID=029310&CRSE_OFFER_NBR=1&INSTITUTION=PSU55&STRM=2268&CLASS_NBR=23451&SSR_COMPONENT=LEC,2026-08-20T09:53:03-04:00,
Fall 2026,University Park,MATH,140,029,23452,Calculus With Analytic Geometry I,,LEC,UGRD,M T W F,3:35 PM-4:25 PM,Osmond Lab 103,Svetla Jivkova,19,20,Y,Wait List,Regular Academic Session,08/24/2026 - 12/11/2026,,https://public.lionpath.psu.edu/psc/CSPRD_newwin/EMPLOYEE/PSFT_HR/c/PE_SR175_PUBLIC.SSR_CRSE_INFO_FL.GBL?Page=SSR_CRSE_INFO_FL&Action=U&ACAD_CAREER=UGRD&CRSE_ID=029310&CRSE_OFFER_NBR=1&INSTITUTION=PSU55&STRM=2268&CLASS_NBR=23452&SSR_COMPONENT=LEC,2026-08-20T09:53:03-04:00,
Fall 2026,University Park,MATH,140,030,23475,Calculus With Analytic Geometry I,,LEC,UGRD,M T W F,3:35 PM-4:25 PM,Wagner Bldg 317,,,,Y,,,,,https://public.lionpath.psu.edu/psc/CSPRD_newwin/EMPLOYEE/PSFT_HR/c/PE_SR175_PUBLIC.SSR_CRSE_INFO_FL.GBL?Page=SSR_CRSE_INFO_FL&Action=U&ACAD_CAREER=UGRD&CRSE_ID=029310&CRSE_OFFER_NBR=1&INSTITUTION=PSU55&STRM=2268&CLASS_NBR=23475&SSR_COMPONENT=LEC,2026-08-20T09:53:03-04:00,
Fall 2026,University Park,MATH,140,031,23476,Calculus With Analytic Geometry I,,LEC,UGRD,M T W F,3:35 PM-4:25 PM,Wagner Bldg 305,,,,Y,,,,,https://public.lionpath.psu.edu/psc/CSPRD_newwin/EMPLOYEE/PSFT_HR/c/PE_SR175_PUBLIC.SSR_CRSE_INFO_FL.GBL?Page=SSR_CRSE_INFO_FL&Action=U&ACAD_CAREER=UGRD&CRSE_ID=029310&CRSE_OFFER_NBR=1&INSTITUTION=PSU55&STRM=2268&CLASS_NBR=23476&SSR_COMPONENT=LEC,2026-08-20T09:53:03-04:00,
Fall 2026,University Park,MATH,140,032,23567,Calculus With Analytic Geometry I,,LEC,UGRD,M T W F,3:35 PM-4:25 PM,Huck Life Sciences Bldg 011,,,,Y,,,,,https://public.lionpath.psu.edu/psc/CSPRD_newwin/EMPLOYEE/PSFT_HR/c/PE_SR175_PUBLIC.SSR_CRSE_INFO_FL.GBL?Page=SSR_CRSE_INFO_FL&Action=U&ACAD_CAREER=UGRD&CRSE_ID=029310&CRSE_OFFER_NBR=1&INSTITUTION=PSU55&STRM=2268&CLASS_NBR=23567&SSR_COMPONENT=LEC,2026-08-20T09:53:03-04:00,
Fall 2026,University Park,MATH,140,033,23634,Calculus With Analytic Geometry I,,LEC,UGRD,M T W F,4:40 PM-5:30 PM,Wagner Bldg 317,,,,Y,,,,,https://public.lionpath.psu.edu/psc/CSPRD_newwin/EMPLOYEE/PSFT_HR/c/PE_SR175_PUBLIC.SSR_CRSE_INFO_FL.GBL?Page=SSR_CRSE_INFO_FL&Action=U&ACAD_CAREER=UGRD&CRSE_ID=029310&CRSE_OFFER_NBR=1&INSTITUTION=PSU55&STRM=2268&CLASS_NBR=23634&SSR_COMPONENT=LEC,2026-08-20T09:53:03-04:00,
Fall 2026,University Park,MATH,140,034,23670,Calculus With Analytic Geometry I,,LEC,UGRD,M T W F,4:40 PM-5:30 PM,Huck Life Sciences Bldg 011,,,,Y,,,,,https://public.lionpath.psu.edu/psc/CSPRD_newwin/EMPLOYEE/PSFT_HR/c/PE_SR175_PUBLIC.SSR_CRSE_INFO_FL.GBL?Page=SSR_CRSE_INFO_FL&Action=U&ACAD_CAREER=UGRD&CRSE_ID=029310&CRSE_OFFER_NBR=1&INSTITUTION=PSU55&STRM=2268&CLASS_NBR=23670&SSR_COMPONENT=LEC,2026-08-20T09:53:03-04:00,
Fall 2026,University Park,MATH,140,035,23671,Calculus With Analytic Geometry I,,LEC,UGRD,M T W F,4:40 PM-5:30 PM,Osmond Lab 110,,,,Y,,,,,https://public.lionpath.psu.edu/psc/CSPRD_newwin/EMPLOYEE/PSFT_HR/c/PE_SR175_PUBLIC.SSR_CRSE_INFO_FL.GBL?Page=SSR_CRSE_INFO_FL&Action=U&ACAD_CAREER=UGRD&CRSE_ID=029310&CRSE_OFFER_NBR=1&INSTITUTION=PSU55&STRM=2268&CLASS_NBR=23671&SSR_COMPONENT=LEC,2026-08-20T09:53:03-04:00,
Fall 2026,University Park,MATH,140,036,23672,Calculus With Analytic Geometry I,,LEC,UGRD,M T W F,4:40 PM-5:30 PM,Osmond Lab 103,,,,,,,,,https://public.lionpath.psu.edu/psc/CSPRD_newwin/EMPLOYEE/PSFT_HR/c/PE_SR175_PUBLIC.SSR_CRSE_INFO_FL.GBL?Page=SSR_CRSE_INFO_FL&Action=U&ACAD_CAREER=UGRD&CRSE_ID=029310&CRSE_OFFER_NBR=1&INSTITUTION=PSU55&STRM=2268&CLASS_NBR=23672&SSR_COMPONENT=LEC,2026-08-20T09:53:03-04:00,
Fall 2026,University Park,MATH,140,037,23677,Calculus With Analytic Geometry I,,LEC,UGRD,M T W F,4:40 PM-5:30 PM,Osmond Lab 109,,,,Y,,,,,https://public.lionpath.psu.edu/psc/CSPRD_newwin/EMPLOYEE/PSFT_HR/c/PE_SR175_PUBLIC.SSR_CRSE_INFO_FL.GBL?Page=SSR_CRSE_INFO_FL&Action=U&ACAD_CAREER=UGRD&CRSE_ID=029310&CRSE_OFFER_NBR=1&INSTITUTION=PSU55&STRM=2268&CLASS_NBR=23677&SSR_COMPONENT=LEC,2026-08-20T09:53:03-04:00,
Fall 2026,University Park,MATH,140,038,23678,Calculus With Analytic Geometry I,,LEC,UGRD,M T W F,4:40 PM-5:30 PM,Huck Life Sciences Bldg 009,,,,Y,,,,,https://public.lionpath.psu.edu/psc/CSPRD_newwin/EMPLOYEE/PSFT_HR/c/PE_SR175_PUBLIC.SSR_CRSE_INFO_FL.GBL?Page=SSR_CRSE_INFO_FL&Action=U&ACAD_CAREER=UGRD&CRSE_ID=029310&CRSE_OFFER_NBR=1&INSTITUTION=PSU55&STRM=2268&CLASS_NBR=23678&SSR_COMPONENT=LEC,2026-08-20T09:53:03-04:00,
Fall 2026,University Park,MATH,140,039,23679,Calculus With Analytic Geometry I,,LEC,UGRD,M T W F,4:40 PM-5:30 PM,Willard Bldg 260,,,,Y,,,,,https://public.lionpath.psu.edu/psc/CSPRD_newwin/EMPLOYEE/PSFT_HR/c/PE_SR175_PUBLIC.SSR_CRSE_INFO_FL.GBL?Page=SSR_CRSE_INFO_FL&Action=U&ACAD_CAREER=UGRD&CRSE_ID=029310&CRSE_OFFER_NBR=1&INSTITUTION=PSU55&STRM=2268&CLASS_NBR=23679&SSR_COMPONENT=LEC,2026-08-20T09:53:03-04:00,
Fall 2026,University Park,MATH,140,040,23699,Calculus With Analytic Geometry I,,LEC,UGRD,M T W F,4:40 PM-5:30 PM,Elec Eng East 132,,,,Y,,,,,https://public.lionpath.psu.edu/psc/CSPRD_newwin/EMPLOYEE/PSFT_HR/c/PE_SR175_PUBLIC.SSR_CRSE_INFO_FL.GBL?Page=SSR_CRSE_INFO_FL&Action=U&ACAD_CAREER=UGRD&CRSE_ID=029310&CRSE_OFFER_NBR=1&INSTITUTION=PSU55&STRM=2268&CLASS_NBR=23699&SSR_COMPONENT=LEC,2026-08-20T09:53:03-04:00,
Fall 2026,University Park,MATH,140,041,23700,Calculus With Analytic Geometry I,,LEC,UGRD,WEB,,,,,,Y,,,,,https://public.lionpath.psu.edu/psc/CSPRD_newwin/EMPLOYEE/PSFT_HR/c/PE_SR175_PUBLIC.SSR_CRSE_INFO_FL.GBL?Page=SSR_CRSE_INFO_FL&Action=U&ACAD_CAREER=UGRD&CRSE_ID=029310&CRSE_OFFER_NBR=1&INSTITUTION=PSU55&STRM=2268&CLASS_NBR=23700&SSR_COMPONENT=LEC,2026-08-20T09:53:03-04:00,
Fall 2026,University Park,MATH,140,042,23908,Calculus With Analytic Geometry I,,LEC,UGRD,M T W F,4:40 PM-5:30 PM,Nursing Sciences Bldg 316,,,,Y,,,,,https://public.lionpath.psu.edu/psc/CSPRD_newwin/EMPLOYEE/PSFT_HR/c/PE_SR175_PUBLIC.SSR_CRSE_INFO_FL.GBL?Page=SSR_CRSE_INFO_FL&Action=U&ACAD_CAREER=UGRD&CRSE_ID=029310&CRSE_OFFER_NBR=1&INSTITUTION=PSU55&STRM=2268&CLASS_NBR=23908&SSR_COMPONENT=LEC,2026-08-20T09:53:03-04:00,
Fall 2026,University Park,MATH,140,043,28720,Calculus With Analytic Geometry I,,LEC,UGRD,M T W F,12:20 PM-1:10 PM,Willard Bldg 162,,,,Y,,,,,https://public.lionpath.psu.edu/psc/CSPRD_newwin/EMPLOYEE/PSFT_HR/c/PE_SR175_PUBLIC.SSR_CRSE_INFO_FL.GBL?Page=SSR_CRSE_INFO_FL&Action=U&ACAD_CAREER=UGRD&CRSE_ID=029310&CRSE_OFFER_NBR=1&INSTITUTION=PSU55&STRM=2268&CLASS_NBR=28720&SSR_COMPONENT=LEC,2026-08-20T09:53:03-04:00,
Fall 2026,University Park,MATH,140,046,30227,Calculus With Analytic Geometry I,,LEC,UGRD,M T W F,9:05 AM-9:55 AM,Wagner Bldg 118,,,,Y,,,,,https://public.lionpath.psu.edu/psc/CSPRD_newwin/EMPLOYEE/PSFT_HR/c/PE_SR175_PUBLIC.SSR_CRSE_INFO_FL.GBL?Page=SSR_CRSE_INFO_FL&Action=U&ACAD_CAREER=UGRD&CRSE_ID=029310&CRSE_OFFER_NBR=1&INSTITUTION=PSU55&STRM=2268&CLASS_NBR=30227&SSR_COMPONENT=LEC,2026-08-20T09:53:03-04:00,
Fall 2026,University Park,MATH,140,047,30228,Calculus With Analytic Geometry I,,LEC,UGRD,M T W F,4:40 PM-5:30 PM,Thomas Bldg 104,,,,Y,,,,,https://public.lionpath.psu.edu/psc/CSPRD_newwin/EMPLOYEE/PSFT_HR/c/PE_SR175_PUBLIC.SSR_CRSE_INFO_FL.GBL?Page=SSR_CRSE_INFO_FL&Action=U&ACAD_CAREER=UGRD&CRSE_ID=029310&CRSE_OFFER_NBR=1&INSTITUTION=PSU55&STRM=2268&CLASS_NBR=30228&SSR_COMPONENT=LEC,2026-08-20T09:53:03-04:00,
Fall 2026,University Park,MATH,140,049,31065,Calculus With Analytic Geometry I,,LEC,UGRD,M W F | T,9:05 AM-9:55 AM | 9:05 AM-9:55 AM,Hammond Bldg 221 | Willard Bldg 075,,,,Y,,,,,https://public.lionpath.psu.edu/psc/CSPRD_newwin/EMPLOYEE/PSFT_HR/c/PE_SR175_PUBLIC.SSR_CRSE_INFO_FL.GBL?Page=SSR_CRSE_INFO_FL&Action=U&ACAD_CAREER=UGRD&CRSE_ID=029310&CRSE_OFFER_NBR=1&INSTITUTION=PSU55&STRM=2268&CLASS_NBR=31065&SSR_COMPONENT=LEC,2026-08-20T09:53:03-04:00,
Fall 2026,University Park,MATH,140,098,23308,Calculus With Analytic Geometry I,,LEC,UGRD,M T W F,12:20 PM-1:10 PM,Thomas Bldg 209,,,,,,,,,https://public.lionpath.psu.edu/psc/CSPRD_newwin/EMPLOYEE/PSFT_HR/c/PE_SR175_PUBLIC.SSR_CRSE_INFO_FL.GBL?Page=SSR_CRSE_INFO_FL&Action=U&ACAD_CAREER=UGRD&CRSE_ID=029310&CRSE_OFFER_NBR=1&INSTITUTION=PSU55&STRM=2268&CLASS_NBR=23308&SSR_COMPONENT=LEC,2026-08-20T09:53:03-04:00,
Fall 2026,University Park,MATH,140,099,21501,Calculus With Analytic Geometry I,,LEC,UGRD,M T W F,12:20 PM-1:10 PM,Osmond Lab 207,,,,,,,,,https://public.lionpath.psu.edu/psc/CSPRD_newwin/EMPLOYEE/PSFT_HR/c/PE_SR175_PUBLIC.SSR_CRSE_INFO_FL.GBL?Page=SSR_CRSE_INFO_FL&Action=U&ACAD_CAREER=UGRD&CRSE_ID=029310&CRSE_OFFER_NBR=1&INSTITUTION=PSU55&STRM=2268&CLASS_NBR=21501&SSR_COMPONENT=LEC,2026-08-20T09:53:03-04:00,
Fall 2026,World Campus,MATH,140,001,22645,Calculus With Analytic Geometry I,,LEC,UGRD,WEB,,,,,,Y,,,,,https://public.lionpath.psu.edu/psc/CSPRD_newwin/EMPLOYEE/PSFT_HR/c/PE_SR175_PUBLIC.SSR_CRSE_INFO_FL.GBL?Page=SSR_CRSE_INFO_FL&Action=U&ACAD_CAREER=UGRD&CRSE_ID=029310&CRSE_OFFER_NBR=21&INSTITUTION=PSU55&STRM=2268&CLASS_NBR=22645&SSR_COMPONENT=LEC,2026-08-20T09:53:03-04:00,
Fall 2026,University Park,MATH,140B,001,21034,Calculus and Biology I,,LEC,UGRD,M W F | WEB,8:00 AM-8:50 AM | ,Osmond Lab 103 | ,Sam Vancini,1,48,Y,Open,Regular Academic Session,08/24/2026 - 12/11/2026,"Click Enroll to select the related discussion, laboratory, lecture, and/or recitation.",https://public.lionpath.psu.edu/psc/CSPRD_newwin/EMPLOYEE/PSFT_HR/c/PE_SR175_PUBLIC.SSR_CRSE_INFO_FL.GBL?Page=SSR_CRSE_INFO_FL&Action=U&ACAD_CAREER=UGRD&CRSE_ID=029312&CRSE_OFFER_NBR=1&INSTITUTION=PSU55&STRM=2268&CLASS_NBR=21034&SSR_COMPONENT=LEC,2026-08-20T09:53:03-04:00,
Fall 2026,University Park,MATH,140B,002,21060,Calculus and Biology I,,LEC,UGRD,M W F | WEB,9:05 AM-9:55 AM | ,Chambers Bldg 106 | ,Russ deForest,20,20,Y,Wait List,Regular Academic Session,08/24/2026 - 12/11/2026,"Click Enroll to select the related discussion, laboratory, lecture, and/or recitation.",https://public.lionpath.psu.edu/psc/CSPRD_newwin/EMPLOYEE/PSFT_HR/c/PE_SR175_PUBLIC.SSR_CRSE_INFO_FL.GBL?Page=SSR_CRSE_INFO_FL&Action=U&ACAD_CAREER=UGRD&CRSE_ID=029312&CRSE_OFFER_NBR=1&INSTITUTION=PSU55&STRM=2268&CLASS_NBR=21060&SSR_COMPONENT=LEC,2026-08-20T09:53:03-04:00,
Fall 2026,University Park,MATH,140B,003,22507,Calculus and Biology I,,LEC,UGRD,M W F | WEB,9:05 AM-9:55 AM | ,Boucke Bldg 109 | ,Samantha Fuller,18,20,Y,Wait List,Regular Academic Session,08/24/2026 - 12/11/2026,"Click Enroll to select the related discussion, laboratory, lecture, and/or recitation.",https://public.lionpath.psu.edu/psc/CSPRD_newwin/EMPLOYEE/PSFT_HR/c/PE_SR175_PUBLIC.SSR_CRSE_INFO_FL.GBL?Page=SSR_CRSE_INFO_FL&Action=U&ACAD_CAREER=UGRD&CRSE_ID=029312&CRSE_OFFER_NBR=1&INSTITUTION=PSU55&STRM=2268&CLASS_NBR=22507&SSR_COMPONENT=LEC,2026-08-20T09:53:03-04:00,
Fall 2026,University Park,MATH,140B,004,22948,Calculus and Biology I,,LEC,UGRD,M W F | WEB,11:15 AM-12:05 PM | ,Huck Life Sciences Bldg 013 | ,,,,Y,,,,"Click Enroll to select the related discussion, laboratory, lecture, and/or recitation.",https://public.lionpath.psu.edu/psc/CSPRD_newwin/EMPLOYEE/PSFT_HR/c/PE_SR175_PUBLIC.SSR_CRSE_INFO_FL.GBL?Page=SSR_CRSE_INFO_FL&Action=U&ACAD_CAREER=UGRD&CRSE_ID=029312&CRSE_OFFER_NBR=1&INSTITUTION=PSU55&STRM=2268&CLASS_NBR=22948&SSR_COMPONENT=LEC,2026-08-20T09:53:03-04:00,
Fall 2026,University Park,MATH,140B,005,22949,Calculus and Biology I,,LEC,UGRD,M W F | WEB,11:15 AM-12:05 PM | ,Willard Bldg 367 | ,Russ deForest,1,50,Y,Open,Regular Academic Session,08/24/2026 - 12/11/2026,"Click Enroll to select the related discussion, laboratory, lecture, and/or recitation.",https://public.lionpath.psu.edu/psc/CSPRD_newwin/EMPLOYEE/PSFT_HR/c/PE_SR175_PUBLIC.SSR_CRSE_INFO_FL.GBL?Page=SSR_CRSE_INFO_FL&Action=U&ACAD_CAREER=UGRD&CRSE_ID=029312&CRSE_OFFER_NBR=1&INSTITUTION=PSU55&STRM=2268&CLASS_NBR=22949&SSR_COMPONENT=LEC,2026-08-20T09:53:03-04:00,
Fall 2026,University Park,MATH,140B,006,21061,Calculus and Biology I,,LEC,UGRD,M W F | WEB,12:20 PM-1:10 PM | ,Huck Life Sciences Bldg 009 | ,Michael Steward,1,44,Y,Open,Regular Academic Session,08/24/2026 - 12/11/2026,"Click Enroll to select the related discussion, laboratory, lecture, and/or recitation.",https://public.lionpath.psu.edu/psc/CSPRD_newwin/EMPLOYEE/PSFT_HR/c/PE_SR175_PUBLIC.SSR_CRSE_INFO_FL.GBL?Page=SSR_CRSE_INFO_FL&Action=U&ACAD_CAREER=UGRD&CRSE_ID=029312&CRSE_OFFER_NBR=1&INSTITUTION=PSU55&STRM=2268&CLASS_NBR=21061&SSR_COMPONENT=LEC,2026-08-20T09:53:03-04:00,
Fall 2026,University Park,MATH,140B,007,21062,Calculus and Biology I,,LEC,UGRD,M W F | WEB,12:20 PM-1:10 PM | ,Willard Bldg 373 | ,Samantha Fuller,2,50,Y,Open,Regular Academic Session,08/24/2026 - 12/11/2026,"Click Enroll to select the related discussion, laboratory, lecture, and/or recitation.",https://public.lionpath.psu.edu/psc/CSPRD_newwin/EMPLOYEE/PSFT_HR/c/PE_SR175_PUBLIC.SSR_CRSE_INFO_FL.GBL?Page=SSR_CRSE_INFO_FL&Action=U&ACAD_CAREER=UGRD&CRSE_ID=029312&CRSE_OFFER_NBR=1&INSTITUTION=PSU55&STRM=2268&CLASS_NBR=21062&SSR_COMPONENT=LEC,2026-08-20T09:53:03-04:00,
Fall 2026,University Park,MATH,140B,008,23479,Calculus and Biology I,,LEC,UGRD,M W F | WEB,12:20 PM-1:10 PM | ,Nursing Sciences Bldg 316 | ,Nick Payne,3,44,Y,Open,Regular Academic Session,08/24/2026 - 12/11/2026,"Click Enroll to select the related discussion, laboratory, lecture, and/or recitation.",https://public.lionpath.psu.edu/psc/CSPRD_newwin/EMPLOYEE/PSFT_HR/c/PE_SR175_PUBLIC.SSR_CRSE_INFO_FL.GBL?Page=SSR_CRSE_INFO_FL&Action=U&ACAD_CAREER=UGRD&CRSE_ID=029312&CRSE_OFFER_NBR=1&INSTITUTION=PSU55&STRM=2268&CLASS_NBR=23479&SSR_COMPONENT=LEC,2026-08-20T09:53:03-04:00,
Fall 2026,University Park,MATH,140B,009,23492,Calculus and Biology I,,LEC,UGRD,M W F | WEB,3:35 PM-4:25 PM | ,Walker Building 109 | ,Sam Vancini,14,58,Y,Open,Regular Academic Session,08/24/2026 - 12/11/2026,"Click Enroll to select the related discussion, laboratory, lecture, and/or recitation.",https://public.lionpath.psu.edu/psc/CSPRD_newwin/EMPLOYEE/PSFT_HR/c/PE_SR175_PUBLIC.SSR_CRSE_INFO_FL.GBL?Page=SSR_CRSE_INFO_FL&Action=U&ACAD_CAREER=UGRD&CRSE_ID=029312&CRSE_OFFER_NBR=1&INSTITUTION=PSU55&STRM=2268&CLASS_NBR=23492&SSR_COMPONENT=LEC,2026-08-20T09:53:03-04:00,
Fall 2026,University Park,MATH,140B,010,23858,Calculus and Biology I,,LEC,UGRD,M W F | WEB,4:40 PM-5:30 PM | ,Willard Bldg 351 | ,Renee Haddad,1,39,Y,Open,Regular Academic Session,08/24/2026 - 12/11/2026,"Click Enroll to select the related discussion, laboratory, lecture, and/or recitation.",https://public.lionpath.psu.edu/psc/CSPRD_newwin/EMPLOYEE/PSFT_HR/c/PE_SR175_PUBLIC.SSR_CRSE_INFO_FL.GBL?Page=SSR_CRSE_INFO_FL&Action=U&ACAD_CAREER=UGRD&CRSE_ID=029312&CRSE_OFFER_NBR=1&INSTITUTION=PSU55&STRM=2268&CLASS_NBR=23858&SSR_COMPONENT=LEC,2026-08-20T09:53:03-04:00,
Fall 2026,University Park,MATH,140B,011,24198,Calculus and Biology I,,LEC,UGRD,M W F | WEB,3:35 PM-4:25 PM | ,Wartik Lab 107 | ,Renee Haddad,1,44,Y,Open,Regular Academic Session,08/24/2026 - 12/11/2026,"Click Enroll to select the related discussion, laboratory, lecture, and/or recitation.",https://public.lionpath.psu.edu/psc/CSPRD_newwin/EMPLOYEE/PSFT_HR/c/PE_SR175_PUBLIC.SSR_CRSE_INFO_FL.GBL?Page=SSR_CRSE_INFO_FL&Action=U&ACAD_CAREER=UGRD&CRSE_ID=029312&CRSE_OFFER_NBR=1&INSTITUTION=PSU55&STRM=2268&CLASS_NBR=24198&SSR_COMPONENT=LEC,2026-08-20T09:53:03-04:00,
Fall 2026,University Park,MATH,140B,012R,24199,Calculus and Biology I,,REC,UGRD,T,10:35 AM-11:50 AM,Huck Life Sciences Bldg 100,Michael Steward,1,100,,Open,Regular Academic Session,,,https://public.lionpath.psu.edu/psc/CSPRD_newwin/EMPLOYEE/PSFT_HR/c/PE_SR175_PUBLIC.SSR_CRSE_INFO_FL.GBL?Page=SSR_CRSE_INFO_FL&Action=U&ACAD_CAREER=UGRD&CRSE_ID=029312&CRSE_OFFER_NBR=1&INSTITUTION=PSU55&STRM=2268&CLASS_NBR=21034&SSR_COMPONENT=LEC,2026-08-20T09:53:18-04:00,21034
Fall 2026,University Park,MATH,140B,013R,24200,Calculus and Biology I,,REC,UGRD,T,12:05 PM-1:20 PM,Keller Bldg 104,Russ deForest,8,135,,Open,Regular Academic Session,,,https://public.lionpath.psu.edu/psc/CSPRD_newwin/EMPLOYEE/PSFT_HR/c/PE_SR175_PUBLIC.SSR_CRSE_INFO_FL.GBL?Page=SSR_CRSE_INFO_FL&Action=U&ACAD_CAREER=UGRD&CRSE_ID=029312&CRSE_OFFER_NBR=1&INSTITUTION=PSU55&STRM=2268&CLASS_NBR=21034&SSR_COMPONENT=LEC,2026-08-20T09:53:18-04:00,21034
Fall 2026,University Park,MATH,140B,014R,24201,Calculus and Biology I,,REC,UGRD,T,1:35 PM-2:50 PM,Osmond Lab 117,Samantha Fuller,4,79,,Open,Regular Academic Session,,,https://public.lionpath.psu.edu/psc/CSPRD_newwin/EMPLOYEE/PSFT_HR/c/PE_SR175_PUBLIC.SSR_CRSE_INFO_FL.GBL?Page=SSR_CRSE_INFO_FL&Action=U&ACAD_CAREER=UGRD&CRSE_ID=029312&CRSE_OFFER_NBR=1&INSTITUTION=PSU55&STRM=2268&CLASS_NBR=21034&SSR_COMPONENT=LEC,2026-08-20T09:53:18-04:00,21034
Fall 2026,University Park,MATH,140B,016R,24203,Calculus and Biology I,,REC,UGRD,T,4:35 PM-5:50 PM,Huck Life Sciences Bldg 100,Sam Vancini,11,100,,Open,Regular Academic Session,,,https://public.lionpath.psu.edu/psc/CSPRD_newwin/EMPLOYEE/PSFT_HR/c/PE_SR175_PUBLIC.SSR_CRSE_INFO_FL.GBL?Page=SSR_CRSE_INFO_FL&Action=U&ACAD_CAREER=UGRD&CRSE_ID=029312&CRSE_OFFER_NBR=1&INSTITUTION=PSU55&STRM=2268&CLASS_NBR=21034&SSR_COMPONENT=LEC,2026-08-20T09:53:18-04:00,21034
Fall 2026,University Park,MATH,140B,017R,24204,Calculus and Biology I,,REC,UGRD,T,12:05 PM-1:20 PM,Ag Science & Industries 101,Michael Steward,20,20,,Wait List,Regular Academic Session,,,https://public.lionpath.psu.edu/psc/CSPRD_newwin/EMPLOYEE/PSFT_HR/c/PE_SR175_PUBLIC.SSR_CRSE_INFO_FL.GBL?Page=SSR_CRSE_INFO_FL&Action=U&ACAD_CAREER=UGRD&CRSE_ID=029312&CRSE_OFFER_NBR=1&INSTITUTION=PSU55&STRM=2268&CLASS_NBR=21034&SSR_COMPONENT=LEC,2026-08-20T09:53:18-04:00,21034
Fall 2026,University Park,MATH,140G,001,21063,Calculus with Earth and Mineral Sciences Applications I,,LEC,UGRD,M T W F,12:20 PM-1:10 PM,Boucke Bldg 109,Jingchun Chen,20,20,Y,Wait List,Regular Academic Session,08/24/2026 - 12/11/2026,,https://public.lionpath.psu.edu/psc/CSPRD_newwin/EMPLOYEE/PSFT_HR/c/PE_SR175_PUBLIC.SSR_CRSE_INFO_FL.GBL?Page=SSR_CRSE_INFO_FL&Action=U&ACAD_CAREER=UGRD&CRSE_ID=029314&CRSE_OFFER_NBR=1&INSTITUTION=PSU55&STRM=2268&CLASS_NBR=21063&SSR_COMPONENT=LEC,2026-08-20T09:53:03-04:00,
Fall 2026,University Park,MATH,140G,002,21081,Calculus with Earth and Mineral Sciences Applications I,,LEC,UGRD,M T W F,3:35 PM-4:25 PM,Osmond Lab 110,Jingchun Chen,10,45,Y,Open,Regular Academic Session,08/24/2026 - 12/11/2026,,https://public.lionpath.psu.edu/psc/CSPRD_newwin/EMPLOYEE/PSFT_HR/c/PE_SR175_PUBLIC.SSR_CRSE_INFO_FL.GBL?Page=SSR_CRSE_INFO_FL&Action=U&ACAD_CAREER=UGRD&CRSE_ID=029314&CRSE_OFFER_NBR=1&INSTITUTION=PSU55&STRM=2268&CLASS_NBR=21081&SSR_COMPONENT=LEC,2026-08-20T09:53:03-04:00,
Fall 2026,University Park,MATH,140G,003,21082,Calculus with Earth and Mineral Sciences Applications I,,LEC,UGRD,M T W F,4:40 PM-5:30 PM,Boucke Bldg 109,Jingchun Chen,19,45,Y,Open,Regular Academic Session,08/24/2026 - 12/11/2026,,https://public.lionpath.psu.edu/psc/CSPRD_newwin/EMPLOYEE/PSFT_HR/c/PE_SR175_PUBLIC.SSR_CRSE_INFO_FL.GBL?Page=SSR_CRSE_INFO_FL&Action=U&ACAD_CAREER=UGRD&CRSE_ID=029314&CRSE_OFFER_NBR=1&INSTITUTION=PSU55&STRM=2268&CLASS_NBR=21082&SSR_COMPONENT=LEC,2026-08-20T09:53:03-04:00,
Fall 2026,University Park,MATH,140H,001,22393,Honors Calculus with Analytic Geometry I,,LEC,UGRD,M T W F,12:20 PM-1:10 PM,Health and Hum Dev 256,Jan Reimann,20,20,Y,Wait List,Regular Academic Session,08/24/2026 - 12/11/2026,,https://public.lionpath.psu.edu/psc/CSPRD_newwin/EMPLOYEE/PSFT_HR/c/PE_SR175_PUBLIC.SSR_CRSE_INFO_FL.GBL?Page=SSR_CRSE_INFO_FL&Action=U&ACAD_CAREER=UGRD&CRSE_ID=029315&CRSE_OFFER_NBR=1&INSTITUTION=PSU55&STRM=2268&CLASS_NBR=22393&SSR_COMPONENT=LEC,2026-08-20T09:53:03-04:00,
Fall 2026,University Park,MATH,140H,002,22392,Honors Calculus with Analytic Geometry I,,LEC,UGRD,M T W F,3:35 PM-4:25 PM,Nursing Sciences Bldg 322,NATHAN FONTES,,,,Closed,Regular Academic Session,08/24/2026 - 12/11/2026,,https://public.lionpath.psu.edu/psc/CSPRD_newwin/EMPLOYEE/PSFT_HR/c/PE_SR175_PUBLIC.SSR_CRSE_INFO_FL.GBL?Page=SSR_CRSE_INFO_FL&Action=U&ACAD_CAREER=UGRD&CRSE_ID=029315&CRSE_OFFER_NBR=1&INSTITUTION=PSU55&STRM=2268&CLASS_NBR=22392&SSR_COMPONENT=LEC,2026-08-20T09:53:03-04:00,
Fall 2026,University Park,MATH,141,001,21111,Calculus with Analytic Geometry II,,LEC,UGRD,M W Th F,8:00 AM-8:50 AM,Boucke Bldg 109,Zachary Tseng,8,45,Y,Open,Regular Academic Session,08/24/2026 - 12/11/2026,,https://public.lionpath.psu.edu/psc/CSPRD_newwin/EMPLOYEE/PSFT_HR/c/PE_SR175_PUBLIC.SSR_CRSE_INFO_FL.GBL?Page=SSR_CRSE_INFO_FL&Action=U&ACAD_CAREER=UGRD&CRSE_ID=029318&CRSE_OFFER_NBR=1&INSTITUTION=PSU55&STRM=2268&CLASS_NBR=21111&SSR_COMPONENT=LEC,2026-08-20T09:53:03-04:00,
Fall 2026,University Park,MATH,141,002,21137,Calculus with Analytic Geometry II,,LEC,UGRD,M W Th F,8:00 AM-8:50 AM,Elec Eng East 132,Sebastian Pavez Molina,11,45,Y,Open,Regular Academic Session,08/24/2026 - 12/11/2026,,https://public.lionpath.psu.edu/psc/CSPRD_newwin/EMPLOYEE/PSFT_HR/c/PE_SR175_PUBLIC.SSR_CRSE_INFO_FL.GBL?Page=SSR_CRSE_INFO_FL&Action=U&ACAD_CAREER=UGRD&CRSE_ID=029318&CRSE_OFFER_NBR=1&INSTITUTION=PSU55&STRM=2268&CLASS_NBR=21137&SSR_COMPONENT=LEC,2026-08-20T09:53:03-04:00,
Fall 2026,University Park,MATH,141,003,21139,Calculus with Analytic Geometry II,,LEC,UGRD,M W Th F,8:00 AM-8:50 AM,Osmond Lab 110,Bharath Narayanan,20,20,Y,Wait List,Regular Academic Session,08/24/2026 - 12/11/2026,,https://public.lionpath.psu.edu/psc/CSPRD_newwin/EMPLOYEE/PSFT_HR/c/PE_SR175_PUBLIC.SSR_CRSE_INFO_FL.GBL?Page=SSR_CRSE_INFO_FL&Action=U&ACAD_CAREER=UGRD&CRSE_ID=029318&CRSE_OFFER_NBR=1&INSTITUTION=PSU55&STRM=2268&CLASS_NBR=21139&SSR_COMPONENT=LEC,2026-08-20T09:53:03-04:00,
Fall 2026,University Park,MATH,141,004,21140,Calculus with Analytic Geometry II,,LEC,UGRD,M W Th F,8:00 AM-8:50 AM,Osmond Lab 112,Sean Collier,20,20,Y,Wait List,Regular Academic Session,08/24/2026 - 12/11/2026,,https://public.lionpath.psu.edu/psc/CSPRD_newwin/EMPLOYEE/PSFT_HR/c/PE_SR175_PUBLIC.SSR_CRSE_INFO_FL.GBL?Page=SSR_CRSE_INFO_FL&Action=U&ACAD_CAREER=UGRD&CRSE_ID=029318&CRSE_OFFER_NBR=1&INSTITUTION=PSU55&STRM=2268&CLASS_NBR=21140&SSR_COMPONENT=LEC,2026-08-20T09:53:03-04:00,
Fall 2026,University Park,MATH,141,005,21164,Calculus with Analytic Geometry II,,LEC,UGRD,M W Th F,9:05 AM-9:55 AM,Tyson Bldg 111,Bharath Narayanan,19,20,Y,Wait List,Regular Academic Session,08/24/2026 - 12/11/2026,,https://public.lionpath.psu.edu/psc/CSPRD_newwin/EMPLOYEE/PSFT_HR/c/PE_SR175_PUBLIC.SSR_CRSE_INFO_FL.GBL?Page=SSR_CRSE_INFO_FL&Action=U&ACAD_CAREER=UGRD&CRSE_ID=029318&CRSE_OFFER_NBR=1&INSTITUTION=PSU55&STRM=2268&CLASS_NBR=21164&SSR_COMPONENT=LEC,2026-08-20T09:53:03-04:00,
Fall 2026,University Park,MATH,141,006,21165,Calculus with Analytic Geometry II,,LEC,UGRD,M W Th F,9:05 AM-9:55 AM,Wagner Bldg 317,Mariia Kiyashko,1,45,Y,Open,Regular Academic Session,08/24/2026 - 12/11/2026,,https://public.lionpath.psu.edu/psc/CSPRD_newwin/EMPLOYEE/PSFT_HR/c/PE_SR175_PUBLIC.SSR_CRSE_INFO_FL.GBL?Page=SSR_CRSE_INFO_FL&Action=U&ACAD_CAREER=UGRD&CRSE_ID=029318&CRSE_OFFER_NBR=1&INSTITUTION=PSU55&STRM=2268&CLASS_NBR=21165&SSR_COMPONENT=LEC,2026-08-20T09:53:03-04:00,
Fall 2026,University Park,MATH,141,007,21166,Calculus with Analytic Geometry II,,LEC,UGRD,M W Th F,9:05 AM-9:55 AM,Ferguson Bldg 205,Seunghoon Bang,19,20,Y,Wait List,Regular Academic Session,08/24/2026 - 12/11/2026,,https://public.lionpath.psu.edu/psc/CSPRD_newwin/EMPLOYEE/PSFT_HR/c/PE_SR175_PUBLIC.SSR_CRSE_INFO_FL.GBL?Page=SSR_CRSE_INFO_FL&Action=U&ACAD_CAREER=UGRD&CRSE_ID=029318&CRSE_OFFER_NBR=1&INSTITUTION=PSU55&STRM=2268&CLASS_NBR=21166&SSR_COMPONENT=LEC,2026-08-20T09:53:03-04:00,
Fall 2026,University Park,MATH,141,008,21167,Calculus with Analytic Geometry II,,LEC,UGRD,M W Th F,9:05 AM-9:55 AM,Armsby Bldg 215,Zachary Tseng,12,45,Y,Open,Regular Academic Session,08/24/2026 - 12/11/2026,,https://public.lionpath.psu.edu/psc/CSPRD_newwin/EMPLOYEE/PSFT_HR/c/PE_SR175_PUBLIC.SSR_CRSE_INFO_FL.GBL?Page=SSR_CRSE_INFO_FL&Action=U&ACAD_CAREER=UGRD&CRSE_ID=029318&CRSE_OFFER_NBR=1&INSTITUTION=PSU55&STRM=2268&CLASS_NBR=21167&SSR_COMPONENT=LEC,2026-08-20T09:53:03-04:00,
Fall 2026,University Park,MATH,141,009,21168,Calculus with Analytic Geometry II,,LEC,UGRD,M W Th F,11:15 AM-12:05 PM,Willard Bldg 162,Seunghoon Bang,14,20,Y,Wait List,Regular Academic Session,08/24/2026 - 12/11/2026,,https://public.lionpath.psu.edu/psc/CSPRD_newwin/EMPLOYEE/PSFT_HR/c/PE_SR175_PUBLIC.SSR_CRSE_INFO_FL.GBL?Page=SSR_CRSE_INFO_FL&Action=U&ACAD_CAREER=UGRD&CRSE_ID=029318&CRSE_OFFER_NBR=1&INSTITUTION=PSU55&STRM=2268&CLASS_NBR=21168&SSR_COMPONENT=LEC,2026-08-20T09:53:03-04:00,
Fall 2026,University Park,MATH,141,010,21169,Calculus with Analytic Geometry II,,LEC,UGRD,M W Th F,12:20 PM-1:10 PM,Willard Bldg 262,Seunghoon Bang,,,,Closed,Regular Academic Session,08/24/2026 - 12/11/2026,,https://public.lionpath.psu.edu/psc/CSPRD_newwin/EMPLOYEE/PSFT_HR/c/PE_SR175_PUBLIC.SSR_CRSE_INFO_FL.GBL?Page=SSR_CRSE_INFO_FL&Action=U&ACAD_CAREER=UGRD&CRSE_ID=029318&CRSE_OFFER_NBR=1&INSTITUTION=PSU55&STRM=2268&CLASS_NBR=21169&SSR_COMPONENT=LEC,2026-08-20T09:53:03-04:00,
Fall 2026,University Park,MATH,141,011,23438,Calculus with Analytic Geometry II,,LEC,UGRD,M W Th F,12:20 PM-1:10 PM,Hammond Bldg 219,Peter Debello,,,,Closed,Regular Academic Session,08/24/2026 - 12/11/2026,,https://public.lionpath.psu.edu/psc/CSPRD_newwin/EMPLOYEE/PSFT_HR/c/PE_SR175_PUBLIC.SSR_CRSE_INFO_FL.GBL?Page=SSR_CRSE_INFO_FL&Action=U&ACAD_CAREER=UGRD&CRSE_ID=029318&CRSE_OFFER_NBR=1&INSTITUTION=PSU55&STRM=2268&CLASS_NBR=23438&SSR_COMPONENT=LEC,2026-08-20T09:53:03-04:00,
Fall 2026,University Park,MATH,141,012,23542,Calculus with Analytic Geometry II,,LEC,UGRD,M W Th F,3:35 PM-4:25 PM,Elec Eng East 132,Peter Debello,19,20,Y,Wait List,Regular Academic Session,08/24/2026 - 12/11/2026,,https://public.lionpath.psu.edu/psc/CSPRD_newwin/EMPLOYEE/PSFT_HR/c/PE_SR175_PUBLIC.SSR_CRSE_INFO_FL.GBL?Page=SSR_CRSE_INFO_FL&Action=U&ACAD_CAREER=UGRD&CRSE_ID=029318&CRSE_OFFER_NBR=1&INSTITUTION=PSU55&STRM=2268&CLASS_NBR=23542&SSR_COMPONENT=LEC,2026-08-20T09:53:03-04:00,
Fall 2026,University Park,MATH,141,013,23568,Calculus with Analytic Geometry II,,LEC,UGRD,M W Th F,3:35 PM-4:25 PM,Tyson Bldg 111,Bharath Narayanan,1,44,Y,Open,Regular Academic Session,08/24/2026 - 12/11/2026,,https://public.lionpath.psu.edu/psc/CSPRD_newwin/EMPLOYEE/PSFT_HR/c/PE_SR175_PUBLIC.SSR_CRSE_INFO_FL.GBL?Page=SSR_CRSE_INFO_FL&Action=U&ACAD_CAREER=UGRD&CRSE_ID=029318&CRSE_OFFER_NBR=1&INSTITUTION=PSU55&STRM=2268&CLASS_NBR=23568&SSR_COMPONENT=LEC,2026-08-20T09:53:03-04:00,
Fall 2026,University Park,MATH,141,014,23768,Calculus with Analytic Geometry II,,LEC,UGRD,M W Th F,3:35 PM-4:25 PM,Elec Eng West 203,Dylan Attwell-Duval,20,20,Y,Wait List,Regular Academic Session,08/24/2026 - 12/11/2026,,https://public.lionpath.psu.edu/psc/CSPRD_newwin/EMPLOYEE/PSFT_HR/c/PE_SR175_PUBLIC.SSR_CRSE_INFO_FL.GBL?Page=SSR_CRSE_INFO_FL&Action=U&ACAD_CAREER=UGRD&CRSE_ID=029318&CRSE_OFFER_NBR=1&INSTITUTION=PSU55&STRM=2268&CLASS_NBR=23768&SSR_COMPONENT=LEC,2026-08-20T09:53:03-04:00,
Fall 2026,University Park,MATH,141,015,23769,Calculus with Analytic Geometry II,,LEC,UGRD,M W Th F,3:35 PM-4:25 PM,Health and Hum Dev 005,Zachary Tseng,16,45,Y,Open,Regular Academic Session,08/24/2026 - 12/11/2026,,https://public.lionpath.psu.edu/psc/CSPRD_newwin/EMPLOYEE/PSFT_HR/c/PE_SR175_PUBLIC.SSR_CRSE_INFO_FL.GBL?Page=SSR_CRSE_INFO_FL&Action=U&ACAD_CAREER=UGRD&CRSE_ID=029318&CRSE_OFFER_NBR=1&INSTITUTION=PSU55&STRM=2268&CLASS_NBR=23769&SSR_COMPONENT=LEC,2026-08-20T09:53:03-04:00,
Fall 2026,University Park,MATH,141,016,24066,Calculus with Analytic Geometry II,,LEC,UGRD,M W Th F,4:40 PM-5:30 PM,Wartik Lab 107,Zachary Tseng,20,20,Y,Wait List,Regular Academic Session,08/24/2026 - 12/11/2026,,https://public.lionpath.psu.edu/psc/CSPRD_newwin/EMPLOYEE/PSFT_HR/c/PE_SR175_PUBLIC.SSR_CRSE_INFO_FL.GBL?Page=SSR_CRSE_INFO_FL&Action=U&ACAD_CAREER=UGRD&CRSE_ID=029318&CRSE_OFFER_NBR=1&INSTITUTION=PSU55&STRM=2268&CLASS_NBR=24066&SSR_COMPONENT=LEC,2026-08-20T09:53:03-04:00,
Fall 2026,University Park,MATH,141,017,24118,Calculus with Analytic Geometry II,,LEC,UGRD,M W Th F,4:40 PM-5:30 PM,Osmond Lab 112,Dylan Attwell-Duval,1,43,Y,Open,Regular Academic Session,08/24/2026 - 12/11/2026,,https://public.lionpath.psu.edu/psc/CSPRD_newwin/EMPLOYEE/PSFT_HR/c/PE_SR175_PUBLIC.SSR_CRSE_INFO_FL.GBL?Page=SSR_CRSE_INFO_FL&Action=U&ACAD_CAREER=UGRD&CRSE_ID=029318&CRSE_OFFER_NBR=1&INSTITUTION=PSU55&STRM=2268&CLASS_NBR=24118&SSR_COMPONENT=LEC,2026-08-20T09:53:03-04:00,
Fall 2026,University Park,MATH,141,018,24156,Calculus with Analytic Geometry II,,LEC,UGRD,M W Th F,4:40 PM-5:30 PM,Tyson Bldg 111,Bharath Narayanan,20,20,Y,Wait List,Regular Academic Session,08/24/2026 - 12/11/2026,,https://public.lionpath.psu.edu/psc/CSPRD_newwin/EMPLOYEE/PSFT_HR/c/PE_SR175_PUBLIC.SSR_CRSE_INFO_FL.GBL?Page=SSR_CRSE_INFO_FL&Action=U&ACAD_CAREER=UGRD&CRSE_ID=029318&CRSE_OFFER_NBR=1&INSTITUTION=PSU55&STRM=2268&CLASS_NBR=24156&SSR_COMPONENT=LEC,2026-08-20T09:53:03-04:00,
Fall 2026,University Park,MATH,141,019,24157,Calculus with Analytic Geometry II,,LEC,UGRD,WEB,,,Neena Chopra,16,20,Y,Wait List,Regular Academic Session,08/24/2026 - 12/11/2026,,https://public.lionpath.psu.edu/psc/CSPRD_newwin/EMPLOYEE/PSFT_HR/c/PE_SR175_PUBLIC.SSR_CRSE_INFO_FL.GBL?Page=SSR_CRSE_INFO_FL&Action=U&ACAD_CAREER=UGRD&CRSE_ID=029318&CRSE_OFFER_NBR=1&INSTITUTION=PSU55&STRM=2268&CLASS_NBR=24157&SSR_COMPONENT=LEC,2026-08-20T09:53:03-04:00,
Fall 2026,University Park,MATH,141,099,21170,Calculus with Analytic Geometry II,,LEC,UGRD,M W F | Th,12:20 PM-1:10 PM | 12:20 PM-1:10 PM,Osmond Lab 103 | Willard Bldg 075,Dylan Attwell-Duval,,,,Closed,Regular Academic Session,08/24/2026 - 12/11/2026,,https://public.lionpath.psu.edu/psc/CSPRD_newwin/EMPLOYEE/PSFT_HR/c/PE_SR175_PUBLIC.SSR_CRSE_INFO_FL.GBL?Page=SSR_CRSE_INFO_FL&Action=U&ACAD_CAREER=UGRD&CRSE_ID=029318&CRSE_OFFER_NBR=1&INSTITUTION=PSU55&STRM=2268&CLASS_NBR=21170&SSR_COMPONENT=LEC,2026-08-20T09:53:03-04:00,
Fall 2026,World Campus,MATH,141,001,22678,Calculus with Analytic Geometry II,,LEC,UGRD,WEB,,,"Katarzyna Przybyla, Steven Hair",6,55,Y,Open,Regular Academic Session,08/24/2026 - 12/11/2026,,https://public.lionpath.psu.edu/psc/CSPRD_newwin/EMPLOYEE/PSFT_HR/c/PE_SR175_PUBLIC.SSR_CRSE_INFO_FL.GBL?Page=SSR_CRSE_INFO_FL&Action=U&ACAD_CAREER=UGRD&CRSE_ID=029318&CRSE_OFFER_NBR=22&INSTITUTION=PSU55&STRM=2268&CLASS_NBR=22678&SSR_COMPONENT=LEC,2026-08-20T09:53:03-04:00,
Fall 2026,University Park,MATH,141B,001,22950,Calculus and Biology II,,LEC,UGRD,M W F | WEB,9:05 AM-9:55 AM | ,Elec Eng West 225 | ,Maxwell Kreider,6,35,Y,Open,Regular Academic Session,08/24/2026 - 12/11/2026,"Click Enroll to select the related discussion, laboratory, lecture, and/or recitation.",https://public.lionpath.psu.edu/psc/CSPRD_newwin/EMPLOYEE/PSFT_HR/c/PE_SR175_PUBLIC.SSR_CRSE_INFO_FL.GBL?Page=SSR_CRSE_INFO_FL&Action=U&ACAD_CAREER=UGRD&CRSE_ID=029319&CRSE_OFFER_NBR=1&INSTITUTION=PSU55&STRM=2268&CLASS_NBR=22950&SSR_COMPONENT=LEC,2026-08-20T09:53:03-04:00,
Fall 2026,University Park,MATH,141B,001R,27625,Calculus and Biology II,,REC,UGRD,T,10:35 AM-11:50 AM,Hammond Bldg 220,Maxwell Kreider,1,50,,Open,Regular Academic Session,,,https://public.lionpath.psu.edu/psc/CSPRD_newwin/EMPLOYEE/PSFT_HR/c/PE_SR175_PUBLIC.SSR_CRSE_INFO_FL.GBL?Page=SSR_CRSE_INFO_FL&Action=U&ACAD_CAREER=UGRD&CRSE_ID=029319&CRSE_OFFER_NBR=1&INSTITUTION=PSU55&STRM=2268&CLASS_NBR=22950&SSR_COMPONENT=LEC,2026-08-20T09:53:18-04:00,22950
Fall 2026,University Park,MATH,141B,002,23201,Calculus and Biology II,,LEC,UGRD,M W F | WEB,12:20 PM-1:10 PM | ,Huck Life Sciences Bldg 011 | ,Steven Hair,2,35,Y,Open,Regular Academic Session,08/24/2026 - 12/11/2026,"Click Enroll to select the related discussion, laboratory, lecture, and/or recitation.",https://public.lionpath.psu.edu/psc/CSPRD_newwin/EMPLOYEE/PSFT_HR/c/PE_SR175_PUBLIC.SSR_CRSE_INFO_FL.GBL?Page=SSR_CRSE_INFO_FL&Action=U&ACAD_CAREER=UGRD&CRSE_ID=029319&CRSE_OFFER_NBR=1&INSTITUTION=PSU55&STRM=2268&CLASS_NBR=23201&SSR_COMPONENT=LEC,2026-08-20T09:53:03-04:00,
Fall 2026,University Park,MATH,141B,002R,23660,Calculus and Biology II,,REC,UGRD,T,4:35 PM-5:50 PM,Thomas Bldg 101,Russ deForest,28,75,,Open,Regular Academic Session,,,https://public.lionpath.psu.edu/psc/CSPRD_newwin/EMPLOYEE/PSFT_HR/c/PE_SR175_PUBLIC.SSR_CRSE_INFO_FL.GBL?Page=SSR_CRSE_INFO_FL&Action=U&ACAD_CAREER=UGRD&CRSE_ID=029319&CRSE_OFFER_NBR=1&INSTITUTION=PSU55&STRM=2268&CLASS_NBR=22950&SSR_COMPONENT=LEC,2026-08-20T09:53:18-04:00,22950
Fall 2026,University Park,MATH,141B,003,23569,Calculus and Biology II,,LEC,UGRD,M W F | WEB,1:25 PM-2:15 PM | ,Willard Bldg 371 | ,Russ deForest,1,35,Y,Open,Regular Academic Session,08/24/2026 - 12/11/2026,"Click Enroll to select the related discussion, laboratory, lecture, and/or recitation.",https://public.lionpath.psu.edu/psc/CSPRD_newwin/EMPLOYEE/PSFT_HR/c/PE_SR175_PUBLIC.SSR_CRSE_INFO_FL.GBL?Page=SSR_CRSE_INFO_FL&Action=U&ACAD_CAREER=UGRD&CRSE_ID=029319&CRSE_OFFER_NBR=1&INSTITUTION=PSU55&STRM=2268&CLASS_NBR=23569&SSR_COMPONENT=LEC,2026-08-20T09:53:03-04:00,
Fall 2026,University Park,MATH,141H,001,22440,Honors Calculus with Analytic Geometry II,,LEC,UGRD,M W Th F,9:05 AM-9:55 AM,Wagner Bldg 214,Dylan Attwell-Duval,3,30,Y,Open,Regular Academic Session,08/24/2026 - 12/11/2026,,https://public.lionpath.psu.edu/psc/CSPRD_newwin/EMPLOYEE/PSFT_HR/c/PE_SR175_PUBLIC.SSR_CRSE_INFO_FL.GBL?Page=SSR_CRSE_INFO_FL&Action=U&ACAD_CAREER=UGRD&CRSE_ID=029322&CRSE_OFFER_NBR=1&INSTITUTION=PSU55&STRM=2268&CLASS_NBR=22440&SSR_COMPONENT=LEC,2026-08-20T09:53:03-04:00,
Fall 2026,University Park,MATH,197,001,29268,Special Topics: Math Lab,Math Lab,LEC,UGRD,Th,10:25 AM-11:15 AM,Thomas Bldg 209,Jennifer Chubb,4,20,Y,Open,Regular Academic Session,08/24/2026 - 12/11/2026,,https://public.lionpath.psu.edu/psc/CSPRD_newwin/EMPLOYEE/PSFT_HR/c/PE_SR175_PUBLIC.SSR_CRSE_INFO_FL.GBL?Page=SSR_CRSE_INFO_FL&Action=U&ACAD_CAREER=UGRD&CRSE_ID=029330&CRSE_OFFER_NBR=1&INSTITUTION=PSU55&STRM=2268&CLASS_NBR=29268&SSR_COMPONENT=LEC,2026-08-20T09:53:03-04:00,
Fall 2026,University Park,MATH,197,002,29274,Special Topics: Math Lab,Math Lab,LEC,UGRD,T,1:25 PM-2:15 PM,Thomas Bldg 209,Jennifer Chubb,4,20,Y,Open,Regular Academic Session,08/24/2026 - 12/11/2026,,https://public.lionpath.psu.edu/psc/CSPRD_newwin/EMPLOYEE/PSFT_HR/c/PE_SR175_PUBLIC.SSR_CRSE_INFO_FL.GBL?Page=SSR_CRSE_INFO_FL&Action=U&ACAD_CAREER=UGRD&CRSE_ID=029330&CRSE_OFFER_NBR=1&INSTITUTION=PSU55&STRM=2268&CLASS_NBR=29274&SSR_COMPONENT=LEC,2026-08-20T09:53:03-04:00,
Fall 2026,University Park,MATH,197,003,30150,Special Topics: Calculus 1,Calculus 1,LEC,UGRD,APPT,,,Russ deForest,20,20,Y,Wait List,Dynamic Dated Classes,08/17/2026 - 10/19/2026,,https://public.lionpath.psu.edu/psc/CSPRD_newwin/EMPLOYEE/PSFT_HR/c/PE_SR175_PUBLIC.SSR_CRSE_INFO_FL.GBL?Page=SSR_CRSE_INFO_FL&Action=U&ACAD_CAREER=UGRD&CRSE_ID=029330&CRSE_OFFER_NBR=1&INSTITUTION=PSU55&STRM=2268&CLASS_NBR=30150&SSR_COMPONENT=LEC,2026-08-20T09:53:03-04:00,
Fall 2026,University Park,MATH,198,001,30151,Special Topics: Calculus I,Calculus I,LEC,UGRD,M W,11:15 AM-12:05 PM,Willard Bldg 351,Sam Vancini,20,20,Y,Wait List,Regular Academic Session,08/24/2026 - 12/11/2026,,https://public.lionpath.psu.edu/psc/CSPRD_newwin/EMPLOYEE/PSFT_HR/c/PE_SR175_PUBLIC.SSR_CRSE_INFO_FL.GBL?Page=SSR_CRSE_INFO_FL&Action=U&ACAD_CAREER=UGRD&CRSE_ID=305305&CRSE_OFFER_NBR=1&INSTITUTION=PSU55&STRM=2268&CLASS_NBR=30151&SSR_COMPONENT=LEC,2026-08-20T09:53:03-04:00,
Fall 2026,University Park,MATH,200,001,21182,Problem Solving in Mathematics,,LEC,UGRD,M W F,12:20 PM-1:10 PM,Chambers Bldg 106,Andrew Baxter,18,20,Y,Wait List,Regular Academic Session,08/24/2026 - 12/11/2026,,https://public.lionpath.psu.edu/psc/CSPRD_newwin/EMPLOYEE/PSFT_HR/c/PE_SR175_PUBLIC.SSR_CRSE_INFO_FL.GBL?Page=SSR_CRSE_INFO_FL&Action=U&ACAD_CAREER=UGRD&CRSE_ID=029344&CRSE_OFFER_NBR=1&INSTITUTION=PSU55&STRM=2268&CLASS_NBR=21182&SSR_COMPONENT=LEC,2026-08-20T09:53:03-04:00,
Fall 2026,University Park,MATH,200,002,21183,Problem Solving in Mathematics,,LEC,UGRD,M W F,1:25 PM-2:15 PM,Chambers Bldg 106,Andrew Baxter,18,20,Y,Wait List,Regular Academic Session,08/24/2026 - 12/11/2026,,https://public.lionpath.psu.edu/psc/CSPRD_newwin/EMPLOYEE/PSFT_HR/c/PE_SR175_PUBLIC.SSR_CRSE_INFO_FL.GBL?Page=SSR_CRSE_INFO_FL&Action=U&ACAD_CAREER=UGRD&CRSE_ID=029344&CRSE_OFFER_NBR=1&INSTITUTION=PSU55&STRM=2268&CLASS_NBR=21183&SSR_COMPONENT=LEC,2026-08-20T09:53:03-04:00,
Fall 2026,University Park,MATH,220,001,21239,Matrices,,LEC,UGRD,M W F,8:00 AM-8:50 AM,Nursing Sciences Bldg 323,Yuxi Zheng,19,20,Y,Wait List,Regular Academic Session,08/24/2026 - 12/11/2026,,https://public.lionpath.psu.edu/psc/CSPRD_newwin/EMPLOYEE/PSFT_HR/c/PE_SR175_PUBLIC.SSR_CRSE_INFO_FL.GBL?Page=SSR_CRSE_INFO_FL&Action=U&ACAD_CAREER=UGRD&CRSE_ID=029356&CRSE_OFFER_NBR=1&INSTITUTION=PSU55&STRM=2268&CLASS_NBR=21239&SSR_COMPONENT=LEC,2026-08-20T09:53:03-04:00,
Fall 2026,University Park,MATH,220,002,21243,Matrices,,LEC,UGRD,M W F,8:00 AM-8:50 AM,Osmond Lab 106,William Mitchell,19,20,Y,Wait List,Regular Academic Session,08/24/2026 - 12/11/2026,,https://public.lionpath.psu.edu/psc/CSPRD_newwin/EMPLOYEE/PSFT_HR/c/PE_SR175_PUBLIC.SSR_CRSE_INFO_FL.GBL?Page=SSR_CRSE_INFO_FL&Action=U&ACAD_CAREER=UGRD&CRSE_ID=029356&CRSE_OFFER_NBR=1&INSTITUTION=PSU55&STRM=2268&CLASS_NBR=21243&SSR_COMPONENT=LEC,2026-08-20T09:53:03-04:00,
Fall 2026,University Park,MATH,220,003,21265,Matrices,,LEC,UGRD,M W F,9:05 AM-9:55 AM,Huck Life Sciences Bldg 013,Eric Simring,19,20,Y,Wait List,Regular Academic Session,08/24/2026 - 12/11/2026,,https://public.lionpath.psu.edu/psc/CSPRD_newwin/EMPLOYEE/PSFT_HR/c/PE_SR175_PUBLIC.SSR_CRSE_INFO_FL.GBL?Page=SSR_CRSE_INFO_FL&Action=U&ACAD_CAREER=UGRD&CRSE_ID=029356&CRSE_OFFER_NBR=1&INSTITUTION=PSU55&STRM=2268&CLASS_NBR=21265&SSR_COMPONENT=LEC,2026-08-20T09:53:03-04:00,
Fall 2026,University Park,MATH,220,004,21266,Matrices,,LEC,UGRD,M W F,9:05 AM-9:55 AM,Osmond Lab 112,"Jim Kowalski, Darla Forsha Simpson",18,20,Y,Wait List,Regular Academic Session,08/24/2026 - 12/11/2026,,https://public.lionpath.psu.edu/psc/CSPRD_newwin/EMPLOYEE/PSFT_HR/c/PE_SR175_PUBLIC.SSR_CRSE_INFO_FL.GBL?Page=SSR_CRSE_INFO_FL&Action=U&ACAD_CAREER=UGRD&CRSE_ID=029356&CRSE_OFFER_NBR=1&INSTITUTION=PSU55&STRM=2268&CLASS_NBR=21266&SSR_COMPONENT=LEC,2026-08-20T09:53:03-04:00,
Fall 2026,University Park,MATH,220,005,21267,Matrices,,LEC,UGRD,M W F,10:10 AM-11:00 AM,Osmond Lab 105,Eric Simring,17,20,Y,Wait List,Regular Academic Session,08/24/2026 - 12/11/2026,,https://public.lionpath.psu.edu/psc/CSPRD_newwin/EMPLOYEE/PSFT_HR/c/PE_SR175_PUBLIC.SSR_CRSE_INFO_FL.GBL?Page=SSR_CRSE_INFO_FL&Action=U&ACAD_CAREER=UGRD&CRSE_ID=029356&CRSE_OFFER_NBR=1&INSTITUTION=PSU55&STRM=2268&CLASS_NBR=21267&SSR_COMPONENT=LEC,2026-08-20T09:53:03-04:00,
Fall 2026,University Park,MATH,220,006,21268,Matrices,,LEC,UGRD,M W F,10:10 AM-11:00 AM,Nursing Sciences Bldg 322,David Nieves,17,20,Y,Wait List,Regular Academic Session,08/24/2026 - 12/11/2026,,https://public.lionpath.psu.edu/psc/CSPRD_newwin/EMPLOYEE/PSFT_HR/c/PE_SR175_PUBLIC.SSR_CRSE_INFO_FL.GBL?Page=SSR_CRSE_INFO_FL&Action=U&ACAD_CAREER=UGRD&CRSE_ID=029356&CRSE_OFFER_NBR=1&INSTITUTION=PSU55&STRM=2268&CLASS_NBR=21268&SSR_COMPONENT=LEC,2026-08-20T09:53:03-04:00,
Fall 2026,University Park,MATH,220,007,21269,Matrices,,LEC,UGRD,M W F,10:10 AM-11:00 AM,Osmond Lab 112,Eve Vidalis,16,20,Y,Wait List,Regular Academic Session,08/24/2026 - 12/11/2026,,https://public.lionpath.psu.edu/psc/CSPRD_newwin/EMPLOYEE/PSFT_HR/c/PE_SR175_PUBLIC.SSR_CRSE_INFO_FL.GBL?Page=SSR_CRSE_INFO_FL&Action=U&ACAD_CAREER=UGRD&CRSE_ID=029356&CRSE_OFFER_NBR=1&INSTITUTION=PSU55&STRM=2268&CLASS_NBR=21269&SSR_COMPONENT=LEC,2026-08-20T09:53:03-04:00,
Fall 2026,University Park,MATH,220,008,21270,Matrices,,LEC,UGRD,M W F,11:15 AM-12:05 PM,Health and Hum Dev 350,Matthew Katz,19,20,Y,Wait List,Regular Academic Session,08/24/2026 - 12/11/2026,,https://public.lionpath.psu.edu/psc/CSPRD_newwin/EMPLOYEE/PSFT_HR/c/PE_SR175_PUBLIC.SSR_CRSE_INFO_FL.GBL?Page=SSR_CRSE_INFO_FL&Action=U&ACAD_CAREER=UGRD&CRSE_ID=029356&CRSE_OFFER_NBR=1&INSTITUTION=PSU55&STRM=2268&CLASS_NBR=21270&SSR_COMPONENT=LEC,2026-08-20T09:53:03-04:00,
Fall 2026,University Park,MATH,220,009,21271,Matrices,,LEC,UGRD,M W F,11:15 AM-12:05 PM,Willard Bldg 358,Darla Forsha Simpson,9,20,Y,Wait List,Regular Academic Session,08/24/2026 - 12/11/2026,,https://public.lionpath.psu.edu/psc/CSPRD_newwin/EMPLOYEE/PSFT_HR/c/PE_SR175_PUBLIC.SSR_CRSE_INFO_FL.GBL?Page=SSR_CRSE_INFO_FL&Action=U&ACAD_CAREER=UGRD&CRSE_ID=029356&CRSE_OFFER_NBR=1&INSTITUTION=PSU55&STRM=2268&CLASS_NBR=21271&SSR_COMPONENT=LEC,2026-08-20T09:53:03-04:00,
Fall 2026,University Park,MATH,220,010,22701,Matrices,,LEC,UGRD,M W F,11:15 AM-12:05 PM,Nursing Sciences Bldg 323,Misha Guysinsky,19,20,Y,Wait List,Regular Academic Session,08/24/2026 - 12/11/2026,,https://public.lionpath.psu.edu/psc/CSPRD_newwin/EMPLOYEE/PSFT_HR/c/PE_SR175_PUBLIC.SSR_CRSE_INFO_FL.GBL?Page=SSR_CRSE_INFO_FL&Action=U&ACAD_CAREER=UGRD&CRSE_ID=029356&CRSE_OFFER_NBR=1&INSTITUTION=PSU55&STRM=2268&CLASS_NBR=22701&SSR_COMPONENT=LEC,2026-08-20T09:53:03-04:00,
Fall 2026,University Park,MATH,220,011,21272,Matrices,,LEC,UGRD,M W F,12:20 PM-1:10 PM,Elec Eng East 132,Darla Forsha Simpson,13,20,Y,Wait List,Regular Academic Session,08/24/2026 - 12/11/2026,,https://public.lionpath.psu.edu/psc/CSPRD_newwin/EMPLOYEE/PSFT_HR/c/PE_SR175_PUBLIC.SSR_CRSE_INFO_FL.GBL?Page=SSR_CRSE_INFO_FL&Action=U&ACAD_CAREER=UGRD&CRSE_ID=029356&CRSE_OFFER_NBR=1&INSTITUTION=PSU55&STRM=2268&CLASS_NBR=21272&SSR_COMPONENT=LEC,2026-08-20T09:53:03-04:00,
Fall 2026,University Park,MATH,220,012,21273,Matrices,,LEC,UGRD,M W F,12:20 PM-1:10 PM,Huck Life Sciences Bldg 013,Eve Vidalis,17,20,Y,Wait List,Regular Academic Session,08/24/2026 - 12/11/2026,,https://public.lionpath.psu.edu/psc/CSPRD_newwin/EMPLOYEE/PSFT_HR/c/PE_SR175_PUBLIC.SSR_CRSE_INFO_FL.GBL?Page=SSR_CRSE_INFO_FL&Action=U&ACAD_CAREER=UGRD&CRSE_ID=029356&CRSE_OFFER_NBR=1&INSTITUTION=PSU55&STRM=2268&CLASS_NBR=21273&SSR_COMPONENT=LEC,2026-08-20T09:53:03-04:00,
Fall 2026,University Park,MATH,220,013,21274,Matrices,,LEC,UGRD,M W F,12:20 PM-1:10 PM,Osmond Lab 109,Eric Simring,19,20,Y,Wait List,Regular Academic Session,08/24/2026 - 12/11/2026,,https://public.lionpath.psu.edu/psc/CSPRD_newwin/EMPLOYEE/PSFT_HR/c/PE_SR175_PUBLIC.SSR_CRSE_INFO_FL.GBL?Page=SSR_CRSE_INFO_FL&Action=U&ACAD_CAREER=UGRD&CRSE_ID=029356&CRSE_OFFER_NBR=1&INSTITUTION=PSU55&STRM=2268&CLASS_NBR=21274&SSR_COMPONENT=LEC,2026-08-20T09:53:03-04:00,
Fall 2026,University Park,MATH,220,014,23262,Matrices,,LEC,UGRD,M W F,1:25 PM-2:15 PM,Elec Eng East 132,Darla Forsha Simpson,16,20,Y,Wait List,Regular Academic Session,08/24/2026 - 12/11/2026,,https://public.lionpath.psu.edu/psc/CSPRD_newwin/EMPLOYEE/PSFT_HR/c/PE_SR175_PUBLIC.SSR_CRSE_INFO_FL.GBL?Page=SSR_CRSE_INFO_FL&Action=U&ACAD_CAREER=UGRD&CRSE_ID=029356&CRSE_OFFER_NBR=1&INSTITUTION=PSU55&STRM=2268&CLASS_NBR=23262&SSR_COMPONENT=LEC,2026-08-20T09:53:03-04:00,
Fall 2026,University Park,MATH,220,015,21275,Matrices,,LEC,UGRD,M W F,1:25 PM-2:15 PM,Osmond Lab 105,Eric Simring,19,20,Y,Wait List,Regular Academic Session,08/24/2026 - 12/11/2026,,https://public.lionpath.psu.edu/psc/CSPRD_newwin/EMPLOYEE/PSFT_HR/c/PE_SR175_PUBLIC.SSR_CRSE_INFO_FL.GBL?Page=SSR_CRSE_INFO_FL&Action=U&ACAD_CAREER=UGRD&CRSE_ID=029356&CRSE_OFFER_NBR=1&INSTITUTION=PSU55&STRM=2268&CLASS_NBR=21275&SSR_COMPONENT=LEC,2026-08-20T09:53:03-04:00,
Fall 2026,University Park,MATH,220,016,21298,Matrices,,LEC,UGRD,M W F,1:25 PM-2:15 PM,Thomas Bldg 215,Matthew Katz,19,20,Y,Wait List,Regular Academic Session,08/24/2026 - 12/11/2026,,https://public.lionpath.psu.edu/psc/CSPRD_newwin/EMPLOYEE/PSFT_HR/c/PE_SR175_PUBLIC.SSR_CRSE_INFO_FL.GBL?Page=SSR_CRSE_INFO_FL&Action=U&ACAD_CAREER=UGRD&CRSE_ID=029356&CRSE_OFFER_NBR=1&INSTITUTION=PSU55&STRM=2268&CLASS_NBR=21298&SSR_COMPONENT=LEC,2026-08-20T09:53:03-04:00,
Fall 2026,University Park,MATH,220,017,21299,Matrices,,LEC,UGRD,M W F,2:30 PM-3:20 PM,Osmond Lab 112,NATHAN FONTES,,,Y,Closed,Regular Academic Session,08/24/2026 - 12/11/2026,,https://public.lionpath.psu.edu/psc/CSPRD_newwin/EMPLOYEE/PSFT_HR/c/PE_SR175_PUBLIC.SSR_CRSE_INFO_FL.GBL?Page=SSR_CRSE_INFO_FL&Action=U&ACAD_CAREER=UGRD&CRSE_ID=029356&CRSE_OFFER_NBR=1&INSTITUTION=PSU55&STRM=2268&CLASS_NBR=21299&SSR_COMPONENT=LEC,2026-08-20T09:53:03-04:00,
Fall 2026,University Park,MATH,220,018,22974,Matrices,,LEC,UGRD,M W F,2:30 PM-3:20 PM,Huck Life Sciences Bldg 009,Yuxi Zheng,19,20,Y,Wait List,Regular Academic Session,08/24/2026 - 12/11/2026,,https://public.lionpath.psu.edu/psc/CSPRD_newwin/EMPLOYEE/PSFT_HR/c/PE_SR175_PUBLIC.SSR_CRSE_INFO_FL.GBL?Page=SSR_CRSE_INFO_FL&Action=U&ACAD_CAREER=UGRD&CRSE_ID=029356&CRSE_OFFER_NBR=1&INSTITUTION=PSU55&STRM=2268&CLASS_NBR=22974&SSR_COMPONENT=LEC,2026-08-20T09:53:03-04:00,
Fall 2026,University Park,MATH,220,019,23263,Matrices,,LEC,UGRD,M W F,2:30 PM-3:20 PM,Chambers Bldg 106,Darla Forsha Simpson,19,20,Y,Wait List,Regular Academic Session,08/24/2026 - 12/11/2026,,https://public.lionpath.psu.edu/psc/CSPRD_newwin/EMPLOYEE/PSFT_HR/c/PE_SR175_PUBLIC.SSR_CRSE_INFO_FL.GBL?Page=SSR_CRSE_INFO_FL&Action=U&ACAD_CAREER=UGRD&CRSE_ID=029356&CRSE_OFFER_NBR=1&INSTITUTION=PSU55&STRM=2268&CLASS_NBR=23263&SSR_COMPONENT=LEC,2026-08-20T09:53:03-04:00,
Fall 2026,University Park,MATH,220,020,23635,Matrices,,LEC,UGRD,M W F,3:35 PM-4:25 PM,Ferguson Bldg 005,Matthew Katz,20,20,Y,Wait List,Regular Academic Session,08/24/2026 - 12/11/2026,,https://public.lionpath.psu.edu/psc/CSPRD_newwin/EMPLOYEE/PSFT_HR/c/PE_SR175_PUBLIC.SSR_CRSE_INFO_FL.GBL?Page=SSR_CRSE_INFO_FL&Action=U&ACAD_CAREER=UGRD&CRSE_ID=029356&CRSE_OFFER_NBR=1&INSTITUTION=PSU55&STRM=2268&CLASS_NBR=23635&SSR_COMPONENT=LEC,2026-08-20T09:53:03-04:00,
Fall 2026,University Park,MATH,220,021,23770,Matrices,,LEC,UGRD,M W F,3:35 PM-4:25 PM,Willard Bldg 073,Mihran Papikian,1,43,Y,Open,Regular Academic Session,08/24/2026 - 12/11/2026,,https://public.lionpath.psu.edu/psc/CSPRD_newwin/EMPLOYEE/PSFT_HR/c/PE_SR175_PUBLIC.SSR_CRSE_INFO_FL.GBL?Page=SSR_CRSE_INFO_FL&Action=U&ACAD_CAREER=UGRD&CRSE_ID=029356&CRSE_OFFER_NBR=1&INSTITUTION=PSU55&STRM=2268&CLASS_NBR=23770&SSR_COMPONENT=LEC,2026-08-20T09:53:03-04:00,
Fall 2026,University Park,MATH,220,022,23815,Matrices,,LEC,UGRD,M W F,4:40 PM-5:30 PM,Willard Bldg 258,Rishabh Sarma,19,20,Y,Wait List,Regular Academic Session,08/24/2026 - 12/11/2026,,https://public.lionpath.psu.edu/psc/CSPRD_newwin/EMPLOYEE/PSFT_HR/c/PE_SR175_PUBLIC.SSR_CRSE_INFO_FL.GBL?Page=SSR_CRSE_INFO_FL&Action=U&ACAD_CAREER=UGRD&CRSE_ID=029356&CRSE_OFFER_NBR=1&INSTITUTION=PSU55&STRM=2268&CLASS_NBR=23815&SSR_COMPONENT=LEC,2026-08-20T09:53:03-04:00,
Fall 2026,University Park,MATH,220,023,23838,Matrices,,LEC,UGRD,M W F,4:40 PM-5:30 PM,Willard Bldg 073,Mihran Papikian,20,20,Y,Wait List,Regular Academic Session,08/24/2026 - 12/11/2026,,https://public.lionpath.psu.edu/psc/CSPRD_newwin/EMPLOYEE/PSFT_HR/c/PE_SR175_PUBLIC.SSR_CRSE_INFO_FL.GBL?Page=SSR_CRSE_INFO_FL&Action=U&ACAD_CAREER=UGRD&CRSE_ID=029356&CRSE_OFFER_NBR=1&INSTITUTION=PSU55&STRM=2268&CLASS_NBR=23838&SSR_COMPONENT=LEC,2026-08-20T09:53:03-04:00,
Fall 2026,University Park,MATH,220,024,24158,Matrices,,LEC,UGRD,M W F,4:40 PM-5:30 PM,Ferguson Bldg 005,Matthew Katz,20,20,Y,Wait List,Regular Academic Session,08/24/2026 - 12/11/2026,,https://public.lionpath.psu.edu/psc/CSPRD_newwin/EMPLOYEE/PSFT_HR/c/PE_SR175_PUBLIC.SSR_CRSE_INFO_FL.GBL?Page=SSR_CRSE_INFO_FL&Action=U&ACAD_CAREER=UGRD&CRSE_ID=029356&CRSE_OFFER_NBR=1&INSTITUTION=PSU55&STRM=2268&CLASS_NBR=24158&SSR_COMPONENT=LEC,2026-08-20T09:53:03-04:00,
Fall 2026,University Park,MATH,220,025,28677,Matrices,,LEC,UGRD,M W F,9:05 AM-9:55 AM,Buckhout Lab 112,Eve Vidalis,20,20,Y,Wait List,Regular Academic Session,08/24/2026 - 12/11/2026,,https://public.lionpath.psu.edu/psc/CSPRD_newwin/EMPLOYEE/PSFT_HR/c/PE_SR175_PUBLIC.SSR_CRSE_INFO_FL.GBL?Page=SSR_CRSE_INFO_FL&Action=U&ACAD_CAREER=UGRD&CRSE_ID=029356&CRSE_OFFER_NBR=1&INSTITUTION=PSU55&STRM=2268&CLASS_NBR=28677&SSR_COMPONENT=LEC,2026-08-20T09:53:03-04:00,
Fall 2026,World Campus,MATH,220,001,23876,Matrices,,LEC,UGRD,WEB,,,"Caroline VanBlargan, Steven Hair",4,65,Y,Open,Regular Academic Session,08/24/2026 - 12/11/2026,,https://public.lionpath.psu.edu/psc/CSPRD_newwin/EMPLOYEE/PSFT_HR/c/PE_SR175_PUBLIC.SSR_CRSE_INFO_FL.GBL?Page=SSR_CRSE_INFO_FL&Action=U&ACAD_CAREER=UGRD&CRSE_ID=029356&CRSE_OFFER_NBR=19&INSTITUTION=PSU55&STRM=2268&CLASS_NBR=23876&SSR_COMPONENT=LEC,2026-08-20T09:53:03-04:00,
Fall 2026,University Park,MATH,220H,001,22430,Honors Matrices,,LEC,UGRD,M W F,9:05 AM-9:55 AM,Willard Bldg 270,Michael Steward,18,20,Y,Wait List,Regular Academic Session,08/24/2026 - 12/11/2026,,https://public.lionpath.psu.edu/psc/CSPRD_newwin/EMPLOYEE/PSFT_HR/c/PE_SR175_PUBLIC.SSR_CRSE_INFO_FL.GBL?Page=SSR_CRSE_INFO_FL&Action=U&ACAD_CAREER=UGRD&CRSE_ID=029357&CRSE_OFFER_NBR=1&INSTITUTION=PSU55&STRM=2268&CLASS_NBR=22430&SSR_COMPONENT=LEC,2026-08-20T09:53:03-04:00,
Fall 2026,University Park,MATH,220H,002,29277,Honors Matrices,,LEC,UGRD,M W F,11:15 AM-12:05 PM,Business Bldg 104,Sara Kalisnik Hintz,16,20,Y,Wait List,Regular Academic Session,08/24/2026 - 12/11/2026,,https://public.lionpath.psu.edu/psc/CSPRD_newwin/EMPLOYEE/PSFT_HR/c/PE_SR175_PUBLIC.SSR_CRSE_INFO_FL.GBL?Page=SSR_CRSE_INFO_FL&Action=U&ACAD_CAREER=UGRD&CRSE_ID=029357&CRSE_OFFER_NBR=1&INSTITUTION=PSU55&STRM=2268&CLASS_NBR=29277&SSR_COMPONENT=LEC,2026-08-20T09:53:03-04:00,
Fall 2026,University Park,MATH,225,001,28921,Mathematical Foundations for Machine Learning,,LEC,UGRD,M W F | Th,10:10 AM-11:00 AM | 10:10 AM-11:00 AM,Osmond Lab 202 | Ferguson Bldg 205,Quanjun Lang,23,34,Y,Open,Regular Academic Session,08/24/2026 - 12/11/2026,,https://public.lionpath.psu.edu/psc/CSPRD_newwin/EMPLOYEE/PSFT_HR/c/PE_SR175_PUBLIC.SSR_CRSE_INFO_FL.GBL?Page=SSR_CRSE_INFO_FL&Action=U&ACAD_CAREER=UGRD&CRSE_ID=306785&CRSE_OFFER_NBR=1&INSTITUTION=PSU55&STRM=2268&CLASS_NBR=28921&SSR_COMPONENT=LEC,2026-08-20T09:53:03-04:00,
Fall 2026,University Park,MATH,225,002,28922,Mathematical Foundations for Machine Learning,,LEC,UGRD,M W F | Th,11:15 AM-12:05 PM | 11:15 AM-12:05 PM,Thomas Bldg 209 | Thomas Bldg 118,Evan Habbershaw,17,20,Y,Wait List,Regular Academic Session,08/24/2026 - 12/11/2026,,https://public.lionpath.psu.edu/psc/CSPRD_newwin/EMPLOYEE/PSFT_HR/c/PE_SR175_PUBLIC.SSR_CRSE_INFO_FL.GBL?Page=SSR_CRSE_INFO_FL&Action=U&ACAD_CAREER=UGRD&CRSE_ID=306785&CRSE_OFFER_NBR=1&INSTITUTION=PSU55&STRM=2268&CLASS_NBR=28922&SSR_COMPONENT=LEC,2026-08-20T09:53:03-04:00,
Fall 2026,University Park,MATH,230,001,21349,Calculus and Vector Analysis,,LEC,UGRD,M W Th F,8:00 AM-8:50 AM,Osmond Lab 105,Matias Ures Rodriguez Hertz,20,20,Y,Wait List,Regular Academic Session,08/24/2026 - 12/11/2026,,https://public.lionpath.psu.edu/psc/CSPRD_newwin/EMPLOYEE/PSFT_HR/c/PE_SR175_PUBLIC.SSR_CRSE_INFO_FL.GBL?Page=SSR_CRSE_INFO_FL&Action=U&ACAD_CAREER=UGRD&CRSE_ID=029362&CRSE_OFFER_NBR=1&INSTITUTION=PSU55&STRM=2268&CLASS_NBR=21349&SSR_COMPONENT=LEC,2026-08-20T09:53:03-04:00,
Fall 2026,University Park,MATH,230,002,21351,Calculus and Vector Analysis,,LEC,UGRD,M W Th F,8:00 AM-8:50 AM,Business Bldg 002,Albena Zikatanova,8,45,Y,Open,Regular Academic Session,08/24/2026 - 12/11/2026,,https://public.lionpath.psu.edu/psc/CSPRD_newwin/EMPLOYEE/PSFT_HR/c/PE_SR175_PUBLIC.SSR_CRSE_INFO_FL.GBL?Page=SSR_CRSE_INFO_FL&Action=U&ACAD_CAREER=UGRD&CRSE_ID=029362&CRSE_OFFER_NBR=1&INSTITUTION=PSU55&STRM=2268&CLASS_NBR=21351&SSR_COMPONENT=LEC,2026-08-20T09:53:03-04:00,
Fall 2026,University Park,MATH,230,003,21352,Calculus and Vector Analysis,,LEC,UGRD,M W Th F,8:00 AM-8:50 AM,Chambers Bldg 106,Chao Dun Teoh,19,45,Y,Open,Regular Academic Session,08/24/2026 - 12/11/2026,,https://public.lionpath.psu.edu/psc/CSPRD_newwin/EMPLOYEE/PSFT_HR/c/PE_SR175_PUBLIC.SSR_CRSE_INFO_FL.GBL?Page=SSR_CRSE_INFO_FL&Action=U&ACAD_CAREER=UGRD&CRSE_ID=029362&CRSE_OFFER_NBR=1&INSTITUTION=PSU55&STRM=2268&CLASS_NBR=21352&SSR_COMPONENT=LEC,2026-08-20T09:53:03-04:00,
Fall 2026,University Park,MATH,230,004,21353,Calculus and Vector Analysis,,LEC,UGRD,M W Th F,9:05 AM-9:55 AM,Nursing Sciences Bldg 322,Nicholas Stepanik,19,20,Y,Wait List,Regular Academic Session,08/24/2026 - 12/11/2026,,https://public.lionpath.psu.edu/psc/CSPRD_newwin/EMPLOYEE/PSFT_HR/c/PE_SR175_PUBLIC.SSR_CRSE_INFO_FL.GBL?Page=SSR_CRSE_INFO_FL&Action=U&ACAD_CAREER=UGRD&CRSE_ID=029362&CRSE_OFFER_NBR=1&INSTITUTION=PSU55&STRM=2268&CLASS_NBR=21353&SSR_COMPONENT=LEC,2026-08-20T09:53:03-04:00,
Fall 2026,University Park,MATH,230,005,21354,Calculus and Vector Analysis,,LEC,UGRD,M W F | Th,9:05 AM-9:55 AM | 9:05 AM-9:55 AM,Elec Eng West 203 | Willard Bldg 060,Sean Pooley Jr.,2,45,Y,Open,Regular Academic Session,08/24/2026 - 12/11/2026,,https://public.lionpath.psu.edu/psc/CSPRD_newwin/EMPLOYEE/PSFT_HR/c/PE_SR175_PUBLIC.SSR_CRSE_INFO_FL.GBL?Page=SSR_CRSE_INFO_FL&Action=U&ACAD_CAREER=UGRD&CRSE_ID=029362&CRSE_OFFER_NBR=1&INSTITUTION=PSU55&STRM=2268&CLASS_NBR=21354&SSR_COMPONENT=LEC,2026-08-20T09:53:03-04:00,
Fall 2026,University Park,MATH,230,008,21409,Calculus and Vector Analysis,,LEC,UGRD,M W Th F,12:20 PM-1:10 PM,Willard Bldg 362,Nicholas Stepanik,15,20,Y,Wait List,Regular Academic Session,08/24/2026 - 12/11/2026,,https://public.lionpath.psu.edu/psc/CSPRD_newwin/EMPLOYEE/PSFT_HR/c/PE_SR175_PUBLIC.SSR_CRSE_INFO_FL.GBL?Page=SSR_CRSE_INFO_FL&Action=U&ACAD_CAREER=UGRD&CRSE_ID=029362&CRSE_OFFER_NBR=1&INSTITUTION=PSU55&STRM=2268&CLASS_NBR=21409&SSR_COMPONENT=LEC,2026-08-20T09:53:03-04:00,
Fall 2026,University Park,MATH,230,009,21411,Calculus and Vector Analysis,,LEC,UGRD,M W Th F,12:20 PM-1:10 PM,Earth and Eng Sciences 119,Sean Pooley Jr.,20,20,Y,Wait List,Regular Academic Session,08/24/2026 - 12/11/2026,,https://public.lionpath.psu.edu/psc/CSPRD_newwin/EMPLOYEE/PSFT_HR/c/PE_SR175_PUBLIC.SSR_CRSE_INFO_FL.GBL?Page=SSR_CRSE_INFO_FL&Action=U&ACAD_CAREER=UGRD&CRSE_ID=029362&CRSE_OFFER_NBR=1&INSTITUTION=PSU55&STRM=2268&CLASS_NBR=21411&SSR_COMPONENT=LEC,2026-08-20T09:53:03-04:00,
Fall 2026,University Park,MATH,230,010,23543,Calculus and Vector Analysis,,LEC,UGRD,M W Th F,3:35 PM-4:25 PM,Thomas Bldg 216,QUINN MINNICH,20,20,Y,Wait List,Regular Academic Session,08/24/2026 - 12/11/2026,,https://public.lionpath.psu.edu/psc/CSPRD_newwin/EMPLOYEE/PSFT_HR/c/PE_SR175_PUBLIC.SSR_CRSE_INFO_FL.GBL?Page=SSR_CRSE_INFO_FL&Action=U&ACAD_CAREER=UGRD&CRSE_ID=029362&CRSE_OFFER_NBR=1&INSTITUTION=PSU55&STRM=2268&CLASS_NBR=23543&SSR_COMPONENT=LEC,2026-08-20T09:53:03-04:00,
Fall 2026,University Park,MATH,230,011,23544,Calculus and Vector Analysis,,LEC,UGRD,M W Th F,3:35 PM-4:25 PM,Nursing Sciences Bldg 316,Luke Saito,2,43,Y,Open,Regular Academic Session,08/24/2026 - 12/11/2026,,https://public.lionpath.psu.edu/psc/CSPRD_newwin/EMPLOYEE/PSFT_HR/c/PE_SR175_PUBLIC.SSR_CRSE_INFO_FL.GBL?Page=SSR_CRSE_INFO_FL&Action=U&ACAD_CAREER=UGRD&CRSE_ID=029362&CRSE_OFFER_NBR=1&INSTITUTION=PSU55&STRM=2268&CLASS_NBR=23544&SSR_COMPONENT=LEC,2026-08-20T09:53:03-04:00,
Fall 2026,University Park,MATH,230,012,23816,Calculus and Vector Analysis,,LEC,UGRD,M W Th F,4:40 PM-5:30 PM,Thomas Bldg 215,Milan Berger-Guesneau,3,45,Y,Open,Regular Academic Session,08/24/2026 - 12/11/2026,,https://public.lionpath.psu.edu/psc/CSPRD_newwin/EMPLOYEE/PSFT_HR/c/PE_SR175_PUBLIC.SSR_CRSE_INFO_FL.GBL?Page=SSR_CRSE_INFO_FL&Action=U&ACAD_CAREER=UGRD&CRSE_ID=029362&CRSE_OFFER_NBR=1&INSTITUTION=PSU55&STRM=2268&CLASS_NBR=23816&SSR_COMPONENT=LEC,2026-08-20T09:53:03-04:00,
Fall 2026,University Park,MATH,230,013,23817,Calculus and Vector Analysis,,LEC,UGRD,M W Th F,4:40 PM-5:30 PM,Elec Eng West 203,Luke Saito,4,45,Y,Open,Regular Academic Session,08/24/2026 - 12/11/2026,,https://public.lionpath.psu.edu/psc/CSPRD_newwin/EMPLOYEE/PSFT_HR/c/PE_SR175_PUBLIC.SSR_CRSE_INFO_FL.GBL?Page=SSR_CRSE_INFO_FL&Action=U&ACAD_CAREER=UGRD&CRSE_ID=029362&CRSE_OFFER_NBR=1&INSTITUTION=PSU55&STRM=2268&CLASS_NBR=23817&SSR_COMPONENT=LEC,2026-08-20T09:53:03-04:00,
Fall 2026,University Park,MATH,230,014,23903,Calculus and Vector Analysis,,LEC,UGRD,M W Th F,4:40 PM-5:30 PM,Chambers Bldg 106,Zach Norfolk,20,20,Y,Wait List,Regular Academic Session,08/24/2026 - 12/11/2026,,https://public.lionpath.psu.edu/psc/CSPRD_newwin/EMPLOYEE/PSFT_HR/c/PE_SR175_PUBLIC.SSR_CRSE_INFO_FL.GBL?Page=SSR_CRSE_INFO_FL&Action=U&ACAD_CAREER=UGRD&CRSE_ID=029362&CRSE_OFFER_NBR=1&INSTITUTION=PSU55&STRM=2268&CLASS_NBR=23903&SSR_COMPONENT=LEC,2026-08-20T09:53:03-04:00,
Fall 2026,University Park,MATH,230,099,21410,Calculus and Vector Analysis,,LEC,UGRD,M W F | Th,12:20 PM-1:10 PM | 12:20 PM-1:10 PM,Nursing Sciences Bldg 322 | Thomas Bldg 216,Albena Zikatanova,,,,Closed,Regular Academic Session,08/24/2026 - 12/11/2026,,https://public.lionpath.psu.edu/psc/CSPRD_newwin/EMPLOYEE/PSFT_HR/c/PE_SR175_PUBLIC.SSR_CRSE_INFO_FL.GBL?Page=SSR_CRSE_INFO_FL&Action=U&ACAD_CAREER=UGRD&CRSE_ID=029362&CRSE_OFFER_NBR=1&INSTITUTION=PSU55&STRM=2268&CLASS_NBR=21410&SSR_COMPONENT=LEC,2026-08-20T09:53:03-04:00,
Fall 2026,University Park,MATH,230H,001,22431,Honors Calculus and Vector Analysis,,LEC,UGRD,M W Th F,3:35 PM-4:25 PM,Tyson Bldg 108,Alexandre Milewski,28,45,Y,Open,Regular Academic Session,08/24/2026 - 12/11/2026,,https://public.lionpath.psu.edu/psc/CSPRD_newwin/EMPLOYEE/PSFT_HR/c/PE_SR175_PUBLIC.SSR_CRSE_INFO_FL.GBL?Page=SSR_CRSE_INFO_FL&Action=U&ACAD_CAREER=UGRD&CRSE_ID=029363&CRSE_OFFER_NBR=1&INSTITUTION=PSU55&STRM=2268&CLASS_NBR=22431&SSR_COMPONENT=LEC,2026-08-20T09:53:03-04:00,
Fall 2026,University Park,MATH,231,001R,21446,Calculus of Several Variables,,REC,UGRD,M,8:00 AM-8:50 AM,Elec Eng East 123,Austin Davis,13,38,,Open,Regular Academic Session,,,https://public.lionpath.psu.edu/psc/CSPRD_newwin/EMPLOYEE/PSFT_HR/c/PE_SR175_PUBLIC.SSR_CRSE_INFO_FL.GBL?Page=SSR_CRSE_INFO_FL&Action=U&ACAD_CAREER=UGRD&CRSE_ID=029364&CRSE_OFFER_NBR=1&INSTITUTION=PSU55&STRM=2268&CLASS_NBR=26826&SSR_COMPONENT=LEC,2026-08-20T09:53:18-04:00,26826
Fall 2026,University Park,MATH,231,002R,21447,Calculus of Several Variables,,REC,UGRD,M,8:00 AM-8:50 AM,Mateer Bldg 011,Kaichuan Qi,14,38,,Wait List,Regular Academic Session,,,https://public.lionpath.psu.edu/psc/CSPRD_newwin/EMPLOYEE/PSFT_HR/c/PE_SR175_PUBLIC.SSR_CRSE_INFO_FL.GBL?Page=SSR_CRSE_INFO_FL&Action=U&ACAD_CAREER=UGRD&CRSE_ID=029364&CRSE_OFFER_NBR=1&INSTITUTION=PSU55&STRM=2268&CLASS_NBR=26830&SSR_COMPONENT=LEC,2026-08-20T09:53:18-04:00,26830
Fall 2026,University Park,MATH,231,003R,21448,Calculus of Several Variables,,REC,UGRD,M,9:05 AM-9:55 AM,Nursing Sciences Bldg 316,Austin Davis,19,20,,Wait List,Regular Academic Session,,,https://public.lionpath.psu.edu/psc/CSPRD_newwin/EMPLOYEE/PSFT_HR/c/PE_SR175_PUBLIC.SSR_CRSE_INFO_FL.GBL?Page=SSR_CRSE_INFO_FL&Action=U&ACAD_CAREER=UGRD&CRSE_ID=029364&CRSE_OFFER_NBR=1&INSTITUTION=PSU55&STRM=2268&CLASS_NBR=26826&SSR_COMPONENT=LEC,2026-08-20T09:53:18-04:00,26826
Fall 2026,University Park,MATH,231,004R,21449,Calculus of Several Variables,,REC,UGRD,M,9:05 AM-9:55 AM,Huck Life Sciences Bldg 009,Nguyen Nguyen,1,38,,Wait List,Regular Academic Session,,,https://public.lionpath.psu.edu/psc/CSPRD_newwin/EMPLOYEE/PSFT_HR/c/PE_SR175_PUBLIC.SSR_CRSE_INFO_FL.GBL?Page=SSR_CRSE_INFO_FL&Action=U&ACAD_CAREER=UGRD&CRSE_ID=029364&CRSE_OFFER_NBR=1&INSTITUTION=PSU55&STRM=2268&CLASS_NBR=26828&SSR_COMPONENT=LEC,2026-08-20T09:53:18-04:00,26828
Fall 2026,University Park,MATH,231,005R,21450,Calculus of Several Variables,,REC,UGRD,M,10:10 AM-11:00 AM,Huck Life Sciences Bldg 009,Austin Davis,19,20,,Wait List,Regular Academic Session,,,https://public.lionpath.psu.edu/psc/CSPRD_newwin/EMPLOYEE/PSFT_HR/c/PE_SR175_PUBLIC.SSR_CRSE_INFO_FL.GBL?Page=SSR_CRSE_INFO_FL&Action=U&ACAD_CAREER=UGRD&CRSE_ID=029364&CRSE_OFFER_NBR=1&INSTITUTION=PSU55&STRM=2268&CLASS_NBR=26828&SSR_COMPONENT=LEC,2026-08-20T09:53:18-04:00,26828
Fall 2026,University Park,MATH,231,006R,21476,Calculus of Several Variables,,REC,UGRD,M,10:10 AM-11:00 AM,Nursing Sciences Bldg 316,Nguyen Nguyen,3,38,,Open,Regular Academic Session,,,https://public.lionpath.psu.edu/psc/CSPRD_newwin/EMPLOYEE/PSFT_HR/c/PE_SR175_PUBLIC.SSR_CRSE_INFO_FL.GBL?Page=SSR_CRSE_INFO_FL&Action=U&ACAD_CAREER=UGRD&CRSE_ID=029364&CRSE_OFFER_NBR=1&INSTITUTION=PSU55&STRM=2268&CLASS_NBR=26826&SSR_COMPONENT=LEC,2026-08-20T09:53:18-04:00,26826
Fall 2026,University Park,MATH,231,007R,21477,Calculus of Several Variables,,REC,UGRD,M,11:15 AM-12:05 PM,Osmond Lab 106,Austin Davis,1,38,,Open,Regular Academic Session,,,https://public.lionpath.psu.edu/psc/CSPRD_newwin/EMPLOYEE/PSFT_HR/c/PE_SR175_PUBLIC.SSR_CRSE_INFO_FL.GBL?Page=SSR_CRSE_INFO_FL&Action=U&ACAD_CAREER=UGRD&CRSE_ID=029364&CRSE_OFFER_NBR=1&INSTITUTION=PSU55&STRM=2268&CLASS_NBR=26826&SSR_COMPONENT=LEC,2026-08-20T09:53:18-04:00,26826
Fall 2026,University Park,MATH,231,008R,21478,Calculus of Several Variables,,REC,UGRD,M,11:15 AM-12:05 PM,Osmond Lab 103,Kaichuan Qi,14,20,,Wait List,Regular Academic Session,,,https://public.lionpath.psu.edu/psc/CSPRD_newwin/EMPLOYEE/PSFT_HR/c/PE_SR175_PUBLIC.SSR_CRSE_INFO_FL.GBL?Page=SSR_CRSE_INFO_FL&Action=U&ACAD_CAREER=UGRD&CRSE_ID=029364&CRSE_OFFER_NBR=1&INSTITUTION=PSU55&STRM=2268&CLASS_NBR=26827&SSR_COMPONENT=LEC,2026-08-20T09:53:18-04:00,26827
Fall 2026,University Park,MATH,231,009R,21479,Calculus of Several Variables,,REC,UGRD,M,11:15 AM-12:05 PM,Wagner Bldg 316,Nguyen Nguyen,20,20,,Wait List,Regular Academic Session,,,https://public.lionpath.psu.edu/psc/CSPRD_newwin/EMPLOYEE/PSFT_HR/c/PE_SR175_PUBLIC.SSR_CRSE_INFO_FL.GBL?Page=SSR_CRSE_INFO_FL&Action=U&ACAD_CAREER=UGRD&CRSE_ID=029364&CRSE_OFFER_NBR=1&INSTITUTION=PSU55&STRM=2268&CLASS_NBR=26828&SSR_COMPONENT=LEC,2026-08-20T09:53:18-04:00,26828
Fall 2026,University Park,MATH,231,010R,23264,Calculus of Several Variables,,REC,UGRD,M,12:20 PM-1:10 PM,Willard Bldg 273,Kaichuan Qi,18,20,,Wait List,Regular Academic Session,,,https://public.lionpath.psu.edu/psc/CSPRD_newwin/EMPLOYEE/PSFT_HR/c/PE_SR175_PUBLIC.SSR_CRSE_INFO_FL.GBL?Page=SSR_CRSE_INFO_FL&Action=U&ACAD_CAREER=UGRD&CRSE_ID=029364&CRSE_OFFER_NBR=1&INSTITUTION=PSU55&STRM=2268&CLASS_NBR=26830&SSR_COMPONENT=LEC,2026-08-20T09:53:18-04:00,26830
Fall 2026,University Park,MATH,231,011R,23771,Calculus of Several Variables,,REC,UGRD,M,1:25 PM-2:15 PM,Nursing Sciences Bldg 322,Ufuoma Asarhasa,20,20,,Wait List,Regular Academic Session,,,https://public.lionpath.psu.edu/psc/CSPRD_newwin/EMPLOYEE/PSFT_HR/c/PE_SR175_PUBLIC.SSR_CRSE_INFO_FL.GBL?Page=SSR_CRSE_INFO_FL&Action=U&ACAD_CAREER=UGRD&CRSE_ID=029364&CRSE_OFFER_NBR=1&INSTITUTION=PSU55&STRM=2268&CLASS_NBR=26826&SSR_COMPONENT=LEC,2026-08-20T09:53:18-04:00,26826
Fall 2026,University Park,MATH,231,012R,23818,Calculus of Several Variables,,REC,UGRD,M,1:25 PM-2:15 PM,Thomas Bldg 216,Kaichuan Qi,11,20,,Wait List,Regular Academic Session,,,https://public.lionpath.psu.edu/psc/CSPRD_newwin/EMPLOYEE/PSFT_HR/c/PE_SR175_PUBLIC.SSR_CRSE_INFO_FL.GBL?Page=SSR_CRSE_INFO_FL&Action=U&ACAD_CAREER=UGRD&CRSE_ID=029364&CRSE_OFFER_NBR=1&INSTITUTION=PSU55&STRM=2268&CLASS_NBR=26830&SSR_COMPONENT=LEC,2026-08-20T09:53:18-04:00,26830
Fall 2026,University Park,MATH,231,013R,23819,Calculus of Several Variables,,REC,UGRD,M,2:30 PM-3:20 PM,Osmond Lab 105,Ufuoma Asarhasa,1,38,,Wait List,Regular Academic Session,,,https://public.lionpath.psu.edu/psc/CSPRD_newwin/EMPLOYEE/PSFT_HR/c/PE_SR175_PUBLIC.SSR_CRSE_INFO_FL.GBL?Page=SSR_CRSE_INFO_FL&Action=U&ACAD_CAREER=UGRD&CRSE_ID=029364&CRSE_OFFER_NBR=1&INSTITUTION=PSU55&STRM=2268&CLASS_NBR=26828&SSR_COMPONENT=LEC,2026-08-20T09:53:18-04:00,26828
Fall 2026,University Park,MATH,231,014R,26824,Calculus of Several Variables,,REC,UGRD,M,2:30 PM-3:20 PM,Osmond Lab 106,Kaichuan Qi,18,20,,Wait List,Regular Academic Session,,,https://public.lionpath.psu.edu/psc/CSPRD_newwin/EMPLOYEE/PSFT_HR/c/PE_SR175_PUBLIC.SSR_CRSE_INFO_FL.GBL?Page=SSR_CRSE_INFO_FL&Action=U&ACAD_CAREER=UGRD&CRSE_ID=029364&CRSE_OFFER_NBR=1&INSTITUTION=PSU55&STRM=2268&CLASS_NBR=26827&SSR_COMPONENT=LEC,2026-08-20T09:53:18-04:00,26827
Fall 2026,University Park,MATH,231,015R,26825,Calculus of Several Variables,,REC,UGRD,M,3:35 PM-4:25 PM,Osmond Lab 105,Ufuoma Asarhasa,19,20,,Wait List,Regular Academic Session,,,https://public.lionpath.psu.edu/psc/CSPRD_newwin/EMPLOYEE/PSFT_HR/c/PE_SR175_PUBLIC.SSR_CRSE_INFO_FL.GBL?Page=SSR_CRSE_INFO_FL&Action=U&ACAD_CAREER=UGRD&CRSE_ID=029364&CRSE_OFFER_NBR=1&INSTITUTION=PSU55&STRM=2268&CLASS_NBR=26826&SSR_COMPONENT=LEC,2026-08-20T09:53:18-04:00,26826
Fall 2026,University Park,MATH,231,016,26826,Calculus of Several Variables,,LEC,UGRD,W F,9:05 AM-9:55 AM,Sparks Bldg 121,Mathieu Stienon,14,225,Y,Open,Regular Academic Session,08/24/2026 - 12/11/2026,"Click Enroll to select the related discussion, laboratory, lecture, and/or recitation.",https://public.lionpath.psu.edu/psc/CSPRD_newwin/EMPLOYEE/PSFT_HR/c/PE_SR175_PUBLIC.SSR_CRSE_INFO_FL.GBL?Page=SSR_CRSE_INFO_FL&Action=U&ACAD_CAREER=UGRD&CRSE_ID=029364&CRSE_OFFER_NBR=1&INSTITUTION=PSU55&STRM=2268&CLASS_NBR=26826&SSR_COMPONENT=LEC,2026-08-20T09:53:03-04:00,
Fall 2026,University Park,MATH,231,017,26827,Calculus of Several Variables,,LEC,UGRD,W F,11:15 AM-12:05 PM,Borland Bldg 112,Ping Xu,8,98,Y,Wait List,Regular Academic Session,08/24/2026 - 12/11/2026,"Click Enroll to select the related discussion, laboratory, lecture, and/or recitation.",https://public.lionpath.psu.edu/psc/CSPRD_newwin/EMPLOYEE/PSFT_HR/c/PE_SR175_PUBLIC.SSR_CRSE_INFO_FL.GBL?Page=SSR_CRSE_INFO_FL&Action=U&ACAD_CAREER=UGRD&CRSE_ID=029364&CRSE_OFFER_NBR=1&INSTITUTION=PSU55&STRM=2268&CLASS_NBR=26827&SSR_COMPONENT=LEC,2026-08-20T09:53:03-04:00,
Fall 2026,University Park,MATH,231,018,26828,Calculus of Several Variables,,LEC,UGRD,W F,12:20 PM-1:10 PM,Sparks Bldg 010,Mathieu Stienon,18,20,Y,Wait List,Regular Academic Session,08/24/2026 - 12/11/2026,"Click Enroll to select the related discussion, laboratory, lecture, and/or recitation.",https://public.lionpath.psu.edu/psc/CSPRD_newwin/EMPLOYEE/PSFT_HR/c/PE_SR175_PUBLIC.SSR_CRSE_INFO_FL.GBL?Page=SSR_CRSE_INFO_FL&Action=U&ACAD_CAREER=UGRD&CRSE_ID=029364&CRSE_OFFER_NBR=1&INSTITUTION=PSU55&STRM=2268&CLASS_NBR=26828&SSR_COMPONENT=LEC,2026-08-20T09:53:03-04:00,
Fall 2026,University Park,MATH,231,019,26830,Calculus of Several Variables,,LEC,UGRD,W F,1:25 PM-2:15 PM,Wartik Lab 110,Ping Xu,8,20,Y,Wait List,Regular Academic Session,08/24/2026 - 12/11/2026,"Click Enroll to select the related discussion, laboratory, lecture, and/or recitation.",https://public.lionpath.psu.edu/psc/CSPRD_newwin/EMPLOYEE/PSFT_HR/c/PE_SR175_PUBLIC.SSR_CRSE_INFO_FL.GBL?Page=SSR_CRSE_INFO_FL&Action=U&ACAD_CAREER=UGRD&CRSE_ID=029364&CRSE_OFFER_NBR=1&INSTITUTION=PSU55&STRM=2268&CLASS_NBR=26830&SSR_COMPONENT=LEC,2026-08-20T09:53:03-04:00,
Fall 2026,University Park,MATH,232,001,23265,Integral Vector Calculus,,LEC,UGRD,T Th,10:35 AM-11:25 AM,Nursing Sciences Bldg 316,Paul Milewski,20,43,Y,Open,Regular Academic Session,08/24/2026 - 12/11/2026,,https://public.lionpath.psu.edu/psc/CSPRD_newwin/EMPLOYEE/PSFT_HR/c/PE_SR175_PUBLIC.SSR_CRSE_INFO_FL.GBL?Page=SSR_CRSE_INFO_FL&Action=U&ACAD_CAREER=UGRD&CRSE_ID=029366&CRSE_OFFER_NBR=1&INSTITUTION=PSU55&STRM=2268&CLASS_NBR=23265&SSR_COMPONENT=LEC,2026-08-20T09:53:03-04:00,
Fall 2026,University Park,MATH,250,001,21507,Ordinary Differential Equations,,LEC,UGRD,M W F,8:00 AM-8:50 AM,Elec Eng West 203,Taoli Shen,4,45,Y,Open,Regular Academic Session,08/24/2026 - 12/11/2026,,https://public.lionpath.psu.edu/psc/CSPRD_newwin/EMPLOYEE/PSFT_HR/c/PE_SR175_PUBLIC.SSR_CRSE_INFO_FL.GBL?Page=SSR_CRSE_INFO_FL&Action=U&ACAD_CAREER=UGRD&CRSE_ID=029369&CRSE_OFFER_NBR=1&INSTITUTION=PSU55&STRM=2268&CLASS_NBR=21507&SSR_COMPONENT=LEC,2026-08-20T09:53:03-04:00,
Fall 2026,University Park,MATH,250,002,21508,Ordinary Differential Equations,,LEC,UGRD,M W F,9:05 AM-9:55 AM,Deike Building 022,Joseph Roberts,52,130,Y,Open,Regular Academic Session,08/24/2026 - 12/11/2026,,https://public.lionpath.psu.edu/psc/CSPRD_newwin/EMPLOYEE/PSFT_HR/c/PE_SR175_PUBLIC.SSR_CRSE_INFO_FL.GBL?Page=SSR_CRSE_INFO_FL&Action=U&ACAD_CAREER=UGRD&CRSE_ID=029369&CRSE_OFFER_NBR=1&INSTITUTION=PSU55&STRM=2268&CLASS_NBR=21508&SSR_COMPONENT=LEC,2026-08-20T09:53:03-04:00,
Fall 2026,University Park,MATH,250,003,21509,Ordinary Differential Equations,,LEC,UGRD,M W F,9:05 AM-9:55 AM,Elec Eng East 132,Taoli Shen,11,45,Y,Open,Regular Academic Session,08/24/2026 - 12/11/2026,,https://public.lionpath.psu.edu/psc/CSPRD_newwin/EMPLOYEE/PSFT_HR/c/PE_SR175_PUBLIC.SSR_CRSE_INFO_FL.GBL?Page=SSR_CRSE_INFO_FL&Action=U&ACAD_CAREER=UGRD&CRSE_ID=029369&CRSE_OFFER_NBR=1&INSTITUTION=PSU55&STRM=2268&CLASS_NBR=21509&SSR_COMPONENT=LEC,2026-08-20T09:53:03-04:00,
Fall 2026,University Park,MATH,250,004,21510,Ordinary Differential Equations,,LEC,UGRD,M W F,10:10 AM-11:00 AM,Nursing Sciences Bldg 323,Joseph Roberts,17,20,Y,Wait List,Regular Academic Session,08/24/2026 - 12/11/2026,,https://public.lionpath.psu.edu/psc/CSPRD_newwin/EMPLOYEE/PSFT_HR/c/PE_SR175_PUBLIC.SSR_CRSE_INFO_FL.GBL?Page=SSR_CRSE_INFO_FL&Action=U&ACAD_CAREER=UGRD&CRSE_ID=029369&CRSE_OFFER_NBR=1&INSTITUTION=PSU55&STRM=2268&CLASS_NBR=21510&SSR_COMPONENT=LEC,2026-08-20T09:53:03-04:00,
Fall 2026,University Park,MATH,250,005,21035,Ordinary Differential Equations,,LEC,UGRD,M W F,11:15 AM-12:05 PM,Thomas Bldg 216,Svetlana Pack,2,45,Y,Open,Regular Academic Session,08/24/2026 - 12/11/2026,,https://public.lionpath.psu.edu/psc/CSPRD_newwin/EMPLOYEE/PSFT_HR/c/PE_SR175_PUBLIC.SSR_CRSE_INFO_FL.GBL?Page=SSR_CRSE_INFO_FL&Action=U&ACAD_CAREER=UGRD&CRSE_ID=029369&CRSE_OFFER_NBR=1&INSTITUTION=PSU55&STRM=2268&CLASS_NBR=21035&SSR_COMPONENT=LEC,2026-08-20T09:53:03-04:00,
Fall 2026,University Park,MATH,250,006,23545,Ordinary Differential Equations,,LEC,UGRD,M W F,12:20 PM-1:10 PM,Elec Eng West 225,Liam Dylan Urban,3,45,Y,Open,Regular Academic Session,08/24/2026 - 12/11/2026,,https://public.lionpath.psu.edu/psc/CSPRD_newwin/EMPLOYEE/PSFT_HR/c/PE_SR175_PUBLIC.SSR_CRSE_INFO_FL.GBL?Page=SSR_CRSE_INFO_FL&Action=U&ACAD_CAREER=UGRD&CRSE_ID=029369&CRSE_OFFER_NBR=1&INSTITUTION=PSU55&STRM=2268&CLASS_NBR=23545&SSR_COMPONENT=LEC,2026-08-20T09:53:03-04:00,
Fall 2026,University Park,MATH,250,007,23546,Ordinary Differential Equations,,LEC,UGRD,M W F,1:25 PM-2:15 PM,Huck Life Sciences Bldg 009,Menghan Wang,1,45,Y,Open,Regular Academic Session,08/24/2026 - 12/11/2026,,https://public.lionpath.psu.edu/psc/CSPRD_newwin/EMPLOYEE/PSFT_HR/c/PE_SR175_PUBLIC.SSR_CRSE_INFO_FL.GBL?Page=SSR_CRSE_INFO_FL&Action=U&ACAD_CAREER=UGRD&CRSE_ID=029369&CRSE_OFFER_NBR=1&INSTITUTION=PSU55&STRM=2268&CLASS_NBR=23546&SSR_COMPONENT=LEC,2026-08-20T09:53:03-04:00,
Fall 2026,University Park,MATH,250,008,23775,Ordinary Differential Equations,,LEC,UGRD,M W F,2:30 PM-3:20 PM,Benkovic Bldg 102,Pei Liu,3,45,Y,Open,Regular Academic Session,08/24/2026 - 12/11/2026,,https://public.lionpath.psu.edu/psc/CSPRD_newwin/EMPLOYEE/PSFT_HR/c/PE_SR175_PUBLIC.SSR_CRSE_INFO_FL.GBL?Page=SSR_CRSE_INFO_FL&Action=U&ACAD_CAREER=UGRD&CRSE_ID=029369&CRSE_OFFER_NBR=1&INSTITUTION=PSU55&STRM=2268&CLASS_NBR=23775&SSR_COMPONENT=LEC,2026-08-20T09:53:03-04:00,
Fall 2026,University Park,MATH,250,009,23820,Ordinary Differential Equations,,LEC,UGRD,M W F,3:35 PM-4:25 PM,Willard Bldg 367,Joseph Roberts,4,45,Y,Open,Regular Academic Session,08/24/2026 - 12/11/2026,,https://public.lionpath.psu.edu/psc/CSPRD_newwin/EMPLOYEE/PSFT_HR/c/PE_SR175_PUBLIC.SSR_CRSE_INFO_FL.GBL?Page=SSR_CRSE_INFO_FL&Action=U&ACAD_CAREER=UGRD&CRSE_ID=029369&CRSE_OFFER_NBR=1&INSTITUTION=PSU55&STRM=2268&CLASS_NBR=23820&SSR_COMPONENT=LEC,2026-08-20T09:53:03-04:00,
Fall 2026,University Park,MATH,250,010,23821,Ordinary Differential Equations,,LEC,UGRD,M W F,4:40 PM-5:30 PM,Willard Bldg 075,Ivan Molodyk,8,45,Y,Open,Regular Academic Session,08/24/2026 - 12/11/2026,,https://public.lionpath.psu.edu/psc/CSPRD_newwin/EMPLOYEE/PSFT_HR/c/PE_SR175_PUBLIC.SSR_CRSE_INFO_FL.GBL?Page=SSR_CRSE_INFO_FL&Action=U&ACAD_CAREER=UGRD&CRSE_ID=029369&CRSE_OFFER_NBR=1&INSTITUTION=PSU55&STRM=2268&CLASS_NBR=23821&SSR_COMPONENT=LEC,2026-08-20T09:53:03-04:00,
Fall 2026,World Campus,MATH,250,001,22959,Ordinary Differential Equations,,LEC,UGRD,WEB,,,"Caroline VanBlargan, Steven Hair",20,60,Y,Open,Regular Academic Session,08/24/2026 - 12/11/2026,,https://public.lionpath.psu.edu/psc/CSPRD_newwin/EMPLOYEE/PSFT_HR/c/PE_SR175_PUBLIC.SSR_CRSE_INFO_FL.GBL?Page=SSR_CRSE_INFO_FL&Action=U&ACAD_CAREER=UGRD&CRSE_ID=029369&CRSE_OFFER_NBR=20&INSTITUTION=PSU55&STRM=2268&CLASS_NBR=22959&SSR_COMPONENT=LEC,2026-08-20T09:53:03-04:00,
Fall 2026,University Park,MATH,251,001,21064,Ordinary and Partial Differential Equations,,LEC,UGRD,M W Th F,8:00 AM-8:50 AM,Osmond Lab 109,Beata Wysocka,18,20,Y,Wait List,Regular Academic Session,08/24/2026 - 12/11/2026,,https://public.lionpath.psu.edu/psc/CSPRD_newwin/EMPLOYEE/PSFT_HR/c/PE_SR175_PUBLIC.SSR_CRSE_INFO_FL.GBL?Page=SSR_CRSE_INFO_FL&Action=U&ACAD_CAREER=UGRD&CRSE_ID=029372&CRSE_OFFER_NBR=1&INSTITUTION=PSU55&STRM=2268&CLASS_NBR=21064&SSR_COMPONENT=LEC,2026-08-20T09:53:03-04:00,
Fall 2026,University Park,MATH,251,002,21066,Ordinary and Partial Differential Equations,,LEC,UGRD,M W Th F,8:00 AM-8:50 AM,Walker Building 124,Yufan Zhou,18,20,Y,Wait List,Regular Academic Session,08/24/2026 - 12/11/2026,,https://public.lionpath.psu.edu/psc/CSPRD_newwin/EMPLOYEE/PSFT_HR/c/PE_SR175_PUBLIC.SSR_CRSE_INFO_FL.GBL?Page=SSR_CRSE_INFO_FL&Action=U&ACAD_CAREER=UGRD&CRSE_ID=029372&CRSE_OFFER_NBR=1&INSTITUTION=PSU55&STRM=2268&CLASS_NBR=21066&SSR_COMPONENT=LEC,2026-08-20T09:53:03-04:00,
Fall 2026,University Park,MATH,251,003,21067,Ordinary and Partial Differential Equations,,LEC,UGRD,M W Th F,8:00 AM-8:50 AM,Thomas Bldg 215,Nestor Handzy,,,,Closed,Regular Academic Session,08/24/2026 - 12/11/2026,,https://public.lionpath.psu.edu/psc/CSPRD_newwin/EMPLOYEE/PSFT_HR/c/PE_SR175_PUBLIC.SSR_CRSE_INFO_FL.GBL?Page=SSR_CRSE_INFO_FL&Action=U&ACAD_CAREER=UGRD&CRSE_ID=029372&CRSE_OFFER_NBR=1&INSTITUTION=PSU55&STRM=2268&CLASS_NBR=21067&SSR_COMPONENT=LEC,2026-08-20T09:53:03-04:00,
Fall 2026,University Park,MATH,251,004,24383,Ordinary and Partial Differential Equations,,LEC,UGRD,M W Th F,9:05 AM-9:55 AM,Osmond Lab 106,Nestor Handzy,17,20,Y,Wait List,Regular Academic Session,08/24/2026 - 12/11/2026,,https://public.lionpath.psu.edu/psc/CSPRD_newwin/EMPLOYEE/PSFT_HR/c/PE_SR175_PUBLIC.SSR_CRSE_INFO_FL.GBL?Page=SSR_CRSE_INFO_FL&Action=U&ACAD_CAREER=UGRD&CRSE_ID=029372&CRSE_OFFER_NBR=1&INSTITUTION=PSU55&STRM=2268&CLASS_NBR=24383&SSR_COMPONENT=LEC,2026-08-20T09:53:03-04:00,
Fall 2026,University Park,MATH,251,005,21068,Ordinary and Partial Differential Equations,,LEC,UGRD,M W Th F,9:05 AM-9:55 AM,Walker Building 124,Yufan Zhou,19,20,Y,Wait List,Regular Academic Session,08/24/2026 - 12/11/2026,,https://public.lionpath.psu.edu/psc/CSPRD_newwin/EMPLOYEE/PSFT_HR/c/PE_SR175_PUBLIC.SSR_CRSE_INFO_FL.GBL?Page=SSR_CRSE_INFO_FL&Action=U&ACAD_CAREER=UGRD&CRSE_ID=029372&CRSE_OFFER_NBR=1&INSTITUTION=PSU55&STRM=2268&CLASS_NBR=21068&SSR_COMPONENT=LEC,2026-08-20T09:53:03-04:00,
Fall 2026,University Park,MATH,251,006,21069,Ordinary and Partial Differential Equations,,LEC,UGRD,M W Th F,9:05 AM-9:55 AM,Nursing Sciences Bldg 323,Beata Wysocka,19,20,Y,Wait List,Regular Academic Session,08/24/2026 - 12/11/2026,,https://public.lionpath.psu.edu/psc/CSPRD_newwin/EMPLOYEE/PSFT_HR/c/PE_SR175_PUBLIC.SSR_CRSE_INFO_FL.GBL?Page=SSR_CRSE_INFO_FL&Action=U&ACAD_CAREER=UGRD&CRSE_ID=029372&CRSE_OFFER_NBR=1&INSTITUTION=PSU55&STRM=2268&CLASS_NBR=21069&SSR_COMPONENT=LEC,2026-08-20T09:53:03-04:00,
Fall 2026,University Park,MATH,251,007,21089,Ordinary and Partial Differential Equations,,LEC,UGRD,M W Th F,12:20 PM-1:10 PM,Wagner Bldg 206,Grigorii Dvorkin,13,20,Y,Wait List,Regular Academic Session,08/24/2026 - 12/11/2026,,https://public.lionpath.psu.edu/psc/CSPRD_newwin/EMPLOYEE/PSFT_HR/c/PE_SR175_PUBLIC.SSR_CRSE_INFO_FL.GBL?Page=SSR_CRSE_INFO_FL&Action=U&ACAD_CAREER=UGRD&CRSE_ID=029372&CRSE_OFFER_NBR=1&INSTITUTION=PSU55&STRM=2268&CLASS_NBR=21089&SSR_COMPONENT=LEC,2026-08-20T09:53:03-04:00,
Fall 2026,University Park,MATH,251,008,23547,Ordinary and Partial Differential Equations,,LEC,UGRD,M W F | Th,12:20 PM-1:10 PM | 12:20 PM-1:10 PM,Hammond Bldg 306 | Tyson Bldg 108,Beata Wysocka,15,20,Y,Wait List,Regular Academic Session,08/24/2026 - 12/11/2026,,https://public.lionpath.psu.edu/psc/CSPRD_newwin/EMPLOYEE/PSFT_HR/c/PE_SR175_PUBLIC.SSR_CRSE_INFO_FL.GBL?Page=SSR_CRSE_INFO_FL&Action=U&ACAD_CAREER=UGRD&CRSE_ID=029372&CRSE_OFFER_NBR=1&INSTITUTION=PSU55&STRM=2268&CLASS_NBR=23547&SSR_COMPONENT=LEC,2026-08-20T09:53:03-04:00,
Fall 2026,University Park,MATH,251,009,23548,Ordinary and Partial Differential Equations,,LEC,UGRD,M W F | Th,12:20 PM-1:10 PM | 12:20 PM-1:10 PM,Forest Resources Building 107 | Boucke Bldg 304,Nestor Handzy,10,20,Y,Wait List,Regular Academic Session,08/24/2026 - 12/11/2026,,https://public.lionpath.psu.edu/psc/CSPRD_newwin/EMPLOYEE/PSFT_HR/c/PE_SR175_PUBLIC.SSR_CRSE_INFO_FL.GBL?Page=SSR_CRSE_INFO_FL&Action=U&ACAD_CAREER=UGRD&CRSE_ID=029372&CRSE_OFFER_NBR=1&INSTITUTION=PSU55&STRM=2268&CLASS_NBR=23548&SSR_COMPONENT=LEC,2026-08-20T09:53:03-04:00,
Fall 2026,University Park,MATH,251,010,23549,Ordinary and Partial Differential Equations,,LEC,UGRD,M W Th F,3:35 PM-4:25 PM,Huck Life Sciences Bldg 009,Pisya Vikash,20,20,Y,Wait List,Regular Academic Session,08/24/2026 - 12/11/2026,,https://public.lionpath.psu.edu/psc/CSPRD_newwin/EMPLOYEE/PSFT_HR/c/PE_SR175_PUBLIC.SSR_CRSE_INFO_FL.GBL?Page=SSR_CRSE_INFO_FL&Action=U&ACAD_CAREER=UGRD&CRSE_ID=029372&CRSE_OFFER_NBR=1&INSTITUTION=PSU55&STRM=2268&CLASS_NBR=23549&SSR_COMPONENT=LEC,2026-08-20T09:53:03-04:00,
Fall 2026,University Park,MATH,251,011,23550,Ordinary and Partial Differential Equations,,LEC,UGRD,M W Th F,3:35 PM-4:25 PM,Thomas Bldg 215,Beata Wysocka,18,20,Y,Wait List,Regular Academic Session,08/24/2026 - 12/11/2026,,https://public.lionpath.psu.edu/psc/CSPRD_newwin/EMPLOYEE/PSFT_HR/c/PE_SR175_PUBLIC.SSR_CRSE_INFO_FL.GBL?Page=SSR_CRSE_INFO_FL&Action=U&ACAD_CAREER=UGRD&CRSE_ID=029372&CRSE_OFFER_NBR=1&INSTITUTION=PSU55&STRM=2268&CLASS_NBR=23550&SSR_COMPONENT=LEC,2026-08-20T09:53:03-04:00,
Fall 2026,University Park,MATH,251,012,23551,Ordinary and Partial Differential Equations,,LEC,UGRD,M W Th F,3:35 PM-4:25 PM,Rackley Building 105,Nian Liu,20,20,Y,Wait List,Regular Academic Session,08/24/2026 - 12/11/2026,,https://public.lionpath.psu.edu/psc/CSPRD_newwin/EMPLOYEE/PSFT_HR/c/PE_SR175_PUBLIC.SSR_CRSE_INFO_FL.GBL?Page=SSR_CRSE_INFO_FL&Action=U&ACAD_CAREER=UGRD&CRSE_ID=029372&CRSE_OFFER_NBR=1&INSTITUTION=PSU55&STRM=2268&CLASS_NBR=23551&SSR_COMPONENT=LEC,2026-08-20T09:53:03-04:00,
Fall 2026,University Park,MATH,251,013,23776,Ordinary and Partial Differential Equations,,LEC,UGRD,M W Th F,4:40 PM-5:30 PM,Huck Life Sciences Bldg 013,Seyed Ata Tahuri Turki,1,45,Y,Open,Regular Academic Session,08/24/2026 - 12/11/2026,,https://public.lionpath.psu.edu/psc/CSPRD_newwin/EMPLOYEE/PSFT_HR/c/PE_SR175_PUBLIC.SSR_CRSE_INFO_FL.GBL?Page=SSR_CRSE_INFO_FL&Action=U&ACAD_CAREER=UGRD&CRSE_ID=029372&CRSE_OFFER_NBR=1&INSTITUTION=PSU55&STRM=2268&CLASS_NBR=23776&SSR_COMPONENT=LEC,2026-08-20T09:53:03-04:00,
Fall 2026,University Park,MATH,251,014,23822,Ordinary and Partial Differential Equations,,LEC,UGRD,M W Th F,4:40 PM-5:30 PM,Nursing Sciences Bldg 322,Iouri Soukhov,18,20,Y,Wait List,Regular Academic Session,08/24/2026 - 12/11/2026,,https://public.lionpath.psu.edu/psc/CSPRD_newwin/EMPLOYEE/PSFT_HR/c/PE_SR175_PUBLIC.SSR_CRSE_INFO_FL.GBL?Page=SSR_CRSE_INFO_FL&Action=U&ACAD_CAREER=UGRD&CRSE_ID=029372&CRSE_OFFER_NBR=1&INSTITUTION=PSU55&STRM=2268&CLASS_NBR=23822&SSR_COMPONENT=LEC,2026-08-20T09:53:03-04:00,
Fall 2026,University Park,MATH,251,015,23823,Ordinary and Partial Differential Equations,,LEC,UGRD,M W Th F,4:40 PM-5:30 PM,Thomas Bldg 216,Pisya Vikash,20,20,Y,Wait List,Regular Academic Session,08/24/2026 - 12/11/2026,,https://public.lionpath.psu.edu/psc/CSPRD_newwin/EMPLOYEE/PSFT_HR/c/PE_SR175_PUBLIC.SSR_CRSE_INFO_FL.GBL?Page=SSR_CRSE_INFO_FL&Action=U&ACAD_CAREER=UGRD&CRSE_ID=029372&CRSE_OFFER_NBR=1&INSTITUTION=PSU55&STRM=2268&CLASS_NBR=23823&SSR_COMPONENT=LEC,2026-08-20T09:53:03-04:00,
Fall 2026,University Park,MATH,251,016,28679,Ordinary and Partial Differential Equations,,LEC,UGRD,M W Th F,8:00 AM-8:50 AM,Business Bldg 107,Rasiel Chishti,18,20,Y,Wait List,Regular Academic Session,08/24/2026 - 12/11/2026,,https://public.lionpath.psu.edu/psc/CSPRD_newwin/EMPLOYEE/PSFT_HR/c/PE_SR175_PUBLIC.SSR_CRSE_INFO_FL.GBL?Page=SSR_CRSE_INFO_FL&Action=U&ACAD_CAREER=UGRD&CRSE_ID=029372&CRSE_OFFER_NBR=1&INSTITUTION=PSU55&STRM=2268&CLASS_NBR=28679&SSR_COMPONENT=LEC,2026-08-20T09:53:03-04:00,
Fall 2026,University Park,MATH,251,017,28680,Ordinary and Partial Differential Equations,,LEC,UGRD,M W Th F,4:40 PM-5:30 PM,Rackley Building 105,Henry Li,20,20,Y,Wait List,Regular Academic Session,08/24/2026 - 12/11/2026,,https://public.lionpath.psu.edu/psc/CSPRD_newwin/EMPLOYEE/PSFT_HR/c/PE_SR175_PUBLIC.SSR_CRSE_INFO_FL.GBL?Page=SSR_CRSE_INFO_FL&Action=U&ACAD_CAREER=UGRD&CRSE_ID=029372&CRSE_OFFER_NBR=1&INSTITUTION=PSU55&STRM=2268&CLASS_NBR=28680&SSR_COMPONENT=LEC,2026-08-20T09:53:03-04:00,
Fall 2026,University Park,MATH,251H,001,22432,Honors Ordinary and Partial Differential Equations,,LEC,UGRD,M W Th F,12:20 PM-1:10 PM,Chambers Bldg 105,Joseph Roberts,19,20,Y,Wait List,Regular Academic Session,08/24/2026 - 12/11/2026,,https://public.lionpath.psu.edu/psc/CSPRD_newwin/EMPLOYEE/PSFT_HR/c/PE_SR175_PUBLIC.SSR_CRSE_INFO_FL.GBL?Page=SSR_CRSE_INFO_FL&Action=U&ACAD_CAREER=UGRD&CRSE_ID=029373&CRSE_OFFER_NBR=1&INSTITUTION=PSU55&STRM=2268&CLASS_NBR=22432&SSR_COMPONENT=LEC,2026-08-20T09:53:03-04:00,
Fall 2026,University Park,MATH,252,001,22583,Partial Differential Equations,,LEC,UGRD,M W F,12:20 PM-1:10 PM,Osmond Lab 110,Bharath Narayanan,9,43,Y,Open,Dynamic Dated Classes,08/24/2026 - 09/28/2026,,https://public.lionpath.psu.edu/psc/CSPRD_newwin/EMPLOYEE/PSFT_HR/c/PE_SR175_PUBLIC.SSR_CRSE_INFO_FL.GBL?Page=SSR_CRSE_INFO_FL&Action=U&ACAD_CAREER=UGRD&CRSE_ID=300605&CRSE_OFFER_NBR=1&INSTITUTION=PSU55&STRM=2268&CLASS_NBR=22583&SSR_COMPONENT=LEC,2026-08-20T09:53:03-04:00,
Fall 2026,University Park,MATH,296,001,21090,Independent Studies,,IND,UGRD,APPT,,,To be Announced,5,5,,Open,Regular Academic Session,08/24/2026 - 12/11/2026,,https://public.lionpath.psu.edu/psc/CSPRD_newwin/EMPLOYEE/PSFT_HR/c/PE_SR175_PUBLIC.SSR_CRSE_INFO_FL.GBL?Page=SSR_CRSE_INFO_FL&Action=U&ACAD_CAREER=UGRD&CRSE_ID=029381&CRSE_OFFER_NBR=1&INSTITUTION=PSU55&STRM=2268&CLASS_NBR=21090&SSR_COMPONENT=IND,2026-08-20T09:53:03-04:00,
